period	cell	gain	window	hold	trades	win_rate_pct	mean_net_pct	median_net_pct	mean_hold_days	profit_factor	t_by_buy_date	buy_dates	t_by_month	portfolio_mdd_pct	portfolio_cagr_pct	unclosed	minus_c1	minus_c2	c3_market_mean_pct
development	g10_w3_h5	10.000000	3	5	577	50.260000	-0.693100	0.062100	2.470000	0.792000	-1.835000	488	-2.335000	-43.080000	-3.230000	0	-1.670600	-3.648400	0.273900
development	g10_w3_h10	10.000000	3	10	577	50.610000	-0.313200	0.145800	3.810000	0.917000	-0.531000	488	0.170000	-37.550000	-1.740000	0	-1.569300	-3.374500	0.284000
development	g10_w5_h5	10.000000	5	5	1676	47.490000	-0.957200	-0.240700	2.560000	0.729000	-4.749000	1106	-3.883000	-81.560000	-12.120000	2	0.100300	-2.380800	0.231000
development	g10_w5_h10	10.000000	5	10	1676	48.030000	-0.919900	-0.230000	3.860000	0.771000	-3.087000	1106	-1.128000	-77.100000	-10.690000	2	0.090300	-2.375900	0.296300
development	g10_w10_h5	10.000000	10	5	4203	46.010000	-1.047400	-0.828300	2.800000	0.703000	-8.081000	1867	-8.056000	-98.700000	-28.540000	6	1.260800	-0.886300	0.254400
development	g10_w10_h10	10.000000	10	10	4203	46.780000	-1.048200	-1.146700	4.140000	0.744000	-6.354000	1867	-6.007000	-98.370000	-27.320000	6	1.087000	-0.892300	0.299700
development	g15_w3_h5	15.000000	3	5	176	49.430000	-1.826900	-0.155800	2.400000	0.550000	-3.057000	166	-2.236000	-30.170000	-2.520000	0	-3.341300	-6.140500	0.385700
development	g15_w3_h10	15.000000	3	10	176	48.300000	-1.800500	-0.159300	3.810000	0.619000	-2.287000	166	-1.143000	-33.570000	-2.520000	0	-3.895000	-6.302100	0.495900
development	g15_w5_h5	15.000000	5	5	608	47.200000	-1.179300	-0.595100	2.460000	0.699000	-3.308000	482	-2.591000	-53.210000	-5.620000	1	0.763800	-2.808900	0.330400
development	g15_w5_h10	15.000000	5	10	608	48.520000	-1.208400	-0.229600	3.710000	0.731000	-2.740000	482	-0.905000	-56.580000	-5.790000	1	0.648400	-2.813700	0.493200
development	g15_w10_h5	15.000000	10	5	1862	45.540000	-1.116700	-1.121300	2.760000	0.708000	-5.474000	1040	-3.711000	-89.440000	-16.050000	2	2.520000	-0.986600	0.282800
development	g15_w10_h10	15.000000	10	10	1862	46.460000	-1.207600	-1.907700	4.030000	0.727000	-5.100000	1040	-1.862000	-89.310000	-15.910000	2	2.240500	-1.081500	0.382900
validation	g10_w3_h5	10.000000	3	5	319	47.650000	-0.866900	-0.406200	2.480000	0.761000	-1.756000	234	-1.610000	-30.620000	-10.200000	0	-2.287300	-4.083200	0.042400
validation	g10_w3_h10	10.000000	3	10	318	48.740000	-0.648100	-0.162600	3.730000	0.839000	-1.092000	234	-0.849000	-31.630000	-7.980000	1	-2.061100	-3.970800	0.065500
validation	g10_w5_h5	10.000000	5	5	821	44.580000	-1.220300	-1.412600	2.600000	0.672000	-4.209000	435	-3.040000	-66.850000	-30.470000	4	-0.567500	-2.645200	0.101800
validation	g10_w5_h10	10.000000	5	10	818	46.940000	-1.082400	-0.624100	3.770000	0.739000	-3.289000	435	-2.077000	-58.590000	-23.390000	7	-0.360000	-2.491700	0.070300
validation	g10_w10_h5	10.000000	10	5	1888	43.910000	-1.142400	-1.483900	2.740000	0.685000	-4.964000	567	-4.693000	-76.310000	-39.050000	6	0.578400	-1.071600	0.026400
validation	g10_w10_h10	10.000000	10	10	1885	45.150000	-1.256900	-2.246600	3.950000	0.698000	-4.713000	567	-4.265000	-68.900000	-30.980000	9	0.287100	-1.192200	-0.030500
validation	g15_w3_h5	15.000000	3	5	139	55.400000	0.023500	0.784600	2.230000	1.006000	-0.157000	120	0.333000	-17.520000	-0.190000	0	-1.121500	-4.070100	0.001700
validation	g15_w3_h10	15.000000	3	10	139	57.550000	0.075900	1.173100	3.320000	1.018000	-0.126000	120	0.527000	-15.270000	0.030000	0	-0.995800	-3.950300	-0.026400
validation	g15_w5_h5	15.000000	5	5	388	48.450000	-0.935700	-0.120000	2.510000	0.771000	-1.638000	291	-0.949000	-37.220000	-13.770000	3	0.612400	-2.967500	0.170100
validation	g15_w5_h10	15.000000	5	10	387	50.650000	-0.925000	0.139100	3.610000	0.791000	-1.334000	290	-0.730000	-39.670000	-13.610000	4	0.862400	-2.872300	0.066800
validation	g15_w10_h5	15.000000	10	5	1043	45.060000	-1.218900	-1.354600	2.670000	0.700000	-3.807000	489	-3.561000	-76.070000	-39.240000	5	1.514000	-1.266200	0.047300
validation	g15_w10_h10	15.000000	10	10	1042	46.550000	-1.327200	-1.905100	3.790000	0.711000	-3.708000	488	-3.186000	-73.620000	-37.290000	6	1.318900	-1.330200	-0.035100
recent_1y	g10_w3_h5	10.000000	3	5	144	51.390000	-1.027700	0.192800	2.350000	0.737000	-1.548000	84	-1.412000	-19.420000	-16.720000	3	-1.465900	-3.241800	0.601200
recent_1y	g10_w3_h10	10.000000	3	10	144	46.530000	-0.979000	-1.816200	3.510000	0.780000	-0.862000	84	-1.392000	-19.190000	-16.310000	3	-1.344700	-2.811000	0.353200
recent_1y	g10_w5_h5	10.000000	5	5	334	50.600000	-1.356100	0.110100	2.290000	0.670000	-2.453000	144	-2.326000	-33.660000	-32.560000	7	-0.613900	-2.680600	0.191100
recent_1y	g10_w5_h10	10.000000	5	10	334	47.600000	-1.206600	-1.816200	3.230000	0.739000	-2.180000	144	-2.260000	-26.360000	-26.920000	7	-0.312600	-2.534100	0.076300
recent_1y	g10_w10_h5	10.000000	10	5	616	48.860000	-0.988900	-0.099000	2.400000	0.741000	-1.602000	172	-2.101000	-37.380000	-31.790000	12	1.088900	-0.888600	0.001600
recent_1y	g10_w10_h10	10.000000	10	10	614	48.210000	-0.753000	-0.230000	3.380000	0.824000	-1.332000	172	-1.965000	-30.630000	-28.180000	14	1.238800	-0.820900	-0.020600
recent_1y	g15_w3_h5	15.000000	3	5	73	43.840000	-1.376800	-4.309800	2.400000	0.722000	-1.501000	50	-1.423000	-14.800000	-11.450000	1	-0.804800	-3.794400	0.620900
recent_1y	g15_w3_h10	15.000000	3	10	73	43.840000	-1.190600	-5.596200	3.600000	0.782000	-1.335000	50	-1.547000	-13.130000	-10.280000	1	-0.079300	-2.726500	0.607700
recent_1y	g15_w5_h5	15.000000	5	5	172	50.000000	-1.005100	0.020100	2.280000	0.775000	-0.932000	103	-1.771000	-20.350000	-18.530000	3	0.371400	-2.579300	0.008100
recent_1y	g15_w5_h10	15.000000	5	10	171	48.540000	-1.137100	-0.073100	3.300000	0.778000	-1.112000	102	-2.013000	-21.620000	-21.810000	4	0.526800	-2.374300	-0.016700
recent_1y	g15_w10_h5	15.000000	10	5	370	49.730000	-0.104700	-0.031900	2.470000	0.973000	-1.151000	142	-1.264000	-17.530000	-2.840000	6	2.853300	-0.035400	-0.000100
recent_1y	g15_w10_h10	15.000000	10	10	368	50.270000	-0.561100	0.077300	3.570000	0.877000	-1.399000	142	-1.796000	-29.700000	-30.720000	8	2.161800	-0.407500	0.021800
