ticker	ymd	live_buys	live_sells	live_buy_qty	live_sell_qty	live_buy_avg	live_first_buy_hms	live_realized	aligned_prev	open_dev_pct	rp_buys	rp_sells	rp_buy_notional	rp_net	mae_pct	exits	rp_buy_avg
000500	20260911	3	0	8	0	249125.00	09:40	0.00	True	22.61	4	3	5422500.00	80451.38	-0.99	"{""tp"": 2, ""eod"": 1}"	
000720	20260911	4	2	15	4	133506.67	09:00	8156.36	True	7.97	2	2	3288400.00	60731.76	-0.60	"{""tp"": 1, ""eod"": 1}"	
000880	20260911	1	1	1	1	135200.00	09:53	1682.46	False	8.59	0	0	0.00	0.00	0.00	{}	
001820	20260911	5	0	22	0	137459.09	09:16	0.00	True	14.26	7	5	9572200.00	150383.95	-5.62	"{""tp"": 4, ""eod"": 1}"	
003490	20260909	1	0	9	0	29850.00	09:57	0.00	True	9.17	1	1	1688400.00	-24786.02	-1.82	"{""eod"": 1}"	
003550	20260908	1	0	10	0	122500.00	13:40	0.00	True	7.69	2	1	2317000.00	-68731.54	-2.92	"{""eod"": 1}"	
004090	20260911	6	1	213	38	12828.87	09:16	-21356.06	True	25.58	4	1	4069220.00	-277394.28	-9.15	"{""eod"": 1}"	
004310	20260911	6	3	426	205	9984.65	09:40	33702.08	True	43.44	0	0	0.00	0.00	0.00	{}	
004770	20260911	1	0	31	0	2280.00	09:16	0.00	True	14.19	6	2	6585310.00	-145377.55	-5.01	"{""tp"": 1, ""eod"": 1}"	
008930	20260908	1	0	24	0	58600.00	14:48	0.00	True	16.28	12	4	12765800.00	131306.33	-3.19	"{""tp"": 3, ""eod"": 1}"	
010170	20260911	1	0	10	0	14310.00	09:18	0.00	True	5.76	1	1	1695750.00	-18314.75	-0.98	"{""eod"": 1}"	
010950	20260909	1	0	5	0	159000.00	09:08	0.00	True	8.51	3	2	3907600.00	43948.75	-1.75	"{""tp"": 1, ""eod"": 1}"	
010950	20260910	0	1	0	2	0.00		-6009.57	True	12.41	3	1	3211500.00	-143128.58	-6.93	"{""eod"": 1}"	
014530	20260911	2	0	302	0	3451.72	09:16	0.00	True	8.95	3	1	3289545.00	-77128.21	-4.25	"{""eod"": 1}"	
014990	20260911	1	0	38	0	4230.00	11:23	0.00	True	20.90	7	3	8281270.00	-99705.11	-4.72	"{""tp"": 2, ""eod"": 1}"	
033790	20260909	3	1	86	27	7654.88	09:57	3506.64	True	11.25	10	2	9738250.00	197572.04	-4.44	"{""tp"": 1, ""eod"": 1}"	
034020	20260909	1	0	6	0	91900.00	13:31	0.00	False	14.19	0	0	0.00	0.00	0.00	{}	
034020	20260911	1	1	2	4	89500.00	09:18	3693.32	True	9.14	1	1	1696700.00	19379.72	-0.22	"{""eod"": 1}"	
036930	20260909	1	0	1	0	203500.00	12:51	0.00	True	13.25	3	3	4895200.00	57446.52	-3.58	"{""tp"": 2, ""eod"": 1}"	
039030	20260911	1	0	1	0	438500.00	09:18	0.00	True	6.08	3	2	3117500.00	24751.22	-1.99	"{""tp"": 1, ""eod"": 1}"	
047040	20260911	2	1	52	34	19714.62	09:18	7138.09	True	8.03	2	2	3391690.00	43792.38	-1.21	"{""tp"": 1, ""eod"": 1}"	
047050	20260911	2	0	12	0	57750.00	09:41	0.00	True	6.87	1	1	1658800.00	643.51	-0.35	"{""eod"": 1}"	
052690	20260911	3	2	16	16	149337.50	09:40	27577.69	True	32.44	3	3	4900500.00	92344.34	-2.04	"{""tp"": 2, ""zone_exit"": 1}"	
053690	20260911	2	0	41	0	23185.37	10:01	0.00	True	9.18	4	1	4029800.00	37883.89	-0.44	"{""eod"": 1}"	
064550	20260910	1	0	68	0	9570.00	09:00	0.00	True	5.18	1	1	1701000.00	-39389.31	-2.54	"{""eod"": 1}"	
092790	20260911	7	2	227	251	14649.96	09:15	-57097.72	True	14.94	8	2	8117930.00	-182349.54	-3.86	"{""tp"": 1, ""eod"": 1}"	
096770	20260909	2	1	9	6	140600.00	09:09	24145.62	True	8.17	6	4	8088900.00	182315.05	-0.58	"{""tp"": 3, ""eod"": 1}"	
096770	20260911	5	1	21	29	144309.52	09:15	-20837.54	True	15.26	1	1	1628000.00	-51133.61	-3.85	"{""eod"": 1}"	
108490	20260909	6	1	15	4	304266.67	09:55	44693.66	True	7.98	3	3	4702500.00	93656.43	-2.20	"{""tp"": 2, ""eod"": 1}"	
108490	20260910	0	1	0	3	0.00		70286.71	True	20.20	6	2	5792000.00	50376.97	-3.56	"{""tp"": 1, ""eod"": 1}"	
108490	20260911	1	0	1	0	322500.00	09:18	0.00	True	19.24	1	1	1602500.00	12489.38	-1.25	"{""eod"": 1}"	
112610	20260911	3	1	33	41	52103.03	09:15	10778.65	True	9.05	2	2	3322400.00	16035.88	-3.36	"{""tp"": 1, ""eod"": 1}"	
117580	20260911	1	0	48	0	7650.00	09:15	0.00	True	13.52	1	1	1699110.00	-115666.10	-6.51	"{""eod"": 1}"	
130660	20260911	6	0	152	0	13796.32	09:40	0.00	True	8.63	10	3	10618260.00	-148462.82	-4.06	"{""tp"": 2, ""eod"": 1}"	
175330	20260911	2	1	16	21	31800.00	09:15	-1302.21	True	7.74	2	2	3386150.00	11598.67	-1.87	"{""tp"": 1, ""eod"": 1}"	
180640	20260911	0	1	0	14	0.00		36891.65	True	1.91	1	1	1635600.00	32038.50	-0.51	"{""eod"": 1}"	
192650	20260911	4	0	457	0	6397.18	13:35	0.00	True	10.67	5	2	5781200.00	-68637.16	-3.91	"{""tp"": 1, ""eod"": 1}"	
248170	20260911	8	1	143	95	27124.13	09:51	-64233.06	True	45.03	19	1	14990700.00	-1646541.37	-11.10	"{""eod"": 1}"	
267250	20260911	2	0	3	0	247833.33	09:15	0.00	True	5.25	2	2	3184500.00	27536.17	-2.21	"{""tp"": 1, ""eod"": 1}"	
267270	20260911	3	0	8	0	141900.00	09:31	0.00	True	3.25	2	1	2270300.00	-10130.33	-2.39	"{""eod"": 1}"	
294870	20260911	1	1	17	17	24400.00	09:59	6826.22	True	4.23	2	2	3383800.00	35098.25	-0.41	"{""tp"": 1, ""eod"": 1}"	
306200	20260911	1	0	4	0	147300.00	13:33	0.00	True	5.03	1	1	1611500.00	36701.94	-0.96	"{""eod"": 1}"	
375500	20260911	2	1	13	13	85384.62	09:15	0.00	True	12.65	3	2	4048100.00	40021.78	-1.17	"{""tp"": 1, ""eod"": 1}"	
388050	20260911	2	0	78	0	11265.00	09:18	0.00	True	12.18	3	2	4191270.00	-26918.74	-2.99	"{""tp"": 1, ""eod"": 1}"	
403870	20260909	4	0	9	0	55977.78	09:55	0.00	True	18.73	2	2	3324100.00	14534.28	-3.16	"{""tp"": 1, ""eod"": 1}"	
403870	20260911	1	0	7	0	53200.00	09:00	0.00	True	10.02	1	1	1661600.00	-11335.77	-0.75	"{""eod"": 1}"	
443060	20260911	4	2	9	3	244666.67	09:41	16387.41	True	11.76	10	4	10700500.00	132421.75	-3.83	"{""tp"": 3, ""eod"": 1}"	
465770	20260911	3	0	426	0	3699.41	09:15	0.00	True	15.13	5	1	4876275.00	-381930.55	-8.11	"{""zone_exit"": 1}"	
