variant	ticker	ymd	aligned_prev	open_dev_pct	buys	sells	buy_notional	sell_notional	gross_pnl	net_pnl	max_deployed	ret_pct	r	mae_pct	exits
v1_current	003550	20260908	True	7.6910	2	1	2317000.0000	2255300.0000	-61700.0000	-68731.5350	2318506.0500	-2.9645	-0.4941	-2.9173	"{""eod"": 1}"
v2_norung	003550	20260908	True	7.6910	1	1	1604200.0000	1543100.0000	-61100.0000	-65923.3250	1605242.7300	-4.1068	-0.6845	-3.8898	"{""eod"": 1}"
v3_norung_stop2.5	003550	20260908	True	7.6910	2	2	3271600.0000	3223100.0000	-48500.0000	-58523.1350	1668483.8100	-3.5076	-0.5846	-2.6742	"{""stop"": 1, ""eod"": 1}"
v4_norung_stop_trail	003550	20260908	True	7.6910	3	3	4868000.0000	4816900.0000	-51100.0000	-66065.6050	1668483.8100	-3.9596	-0.6599	-2.1987	"{""trail"": 2, ""eod"": 1}"
v1_current	008930	20260908	True	16.2803	12	4	12765800.0000	12937100.0000	171300.0000	131306.3350	5425124.0400	2.4203	0.4034	-3.1909	"{""tp"": 3, ""eod"": 1}"
v2_norung	008930	20260908	True	16.2803	4	4	6704600.0000	6794300.0000	89700.0000	68695.9750	1699103.7000	4.0431	0.6738	-4.1667	"{""tp"": 3, ""eod"": 1}"
v3_norung_stop2.5	008930	20260908	True	16.2803	5	5	8389500.0000	8481600.0000	92100.0000	65866.9050	1699103.7000	3.8766	0.6461	-3.0000	"{""tp"": 3, ""stop"": 1, ""eod"": 1}"
v4_norung_stop_trail	008930	20260908	True	16.2803	7	7	11761900.0000	11796600.0000	34700.0000	-1846.9050	1699103.7000	-0.1087	-0.0181	-3.4826	"{""tp"": 3, ""trail"": 3, ""stop"": 1}"
v1_current	003490	20260909	True	9.1703	1	1	1688400.0000	1668800.0000	-19600.0000	-24786.0200	1689497.4600	-1.4671	-0.2445	-1.8242	"{""eod"": 1}"
v2_norung	003490	20260909	True	9.1703	1	1	1688400.0000	1668800.0000	-19600.0000	-24786.0200	1689497.4600	-1.4671	-0.2445	-1.8242	"{""eod"": 1}"
v3_norung_stop2.5	003490	20260909	True	9.1703	1	1	1688400.0000	1668800.0000	-19600.0000	-24786.0200	1689497.4600	-1.4671	-0.2445	-1.8242	"{""eod"": 1}"
v4_norung_stop_trail	003490	20260909	True	9.1703	1	1	1688400.0000	1668800.0000	-19600.0000	-24786.0200	1689497.4600	-1.4671	-0.2445	-1.8242	"{""eod"": 1}"
v1_current	010950	20260909	True	8.5140	3	2	3907600.0000	3963800.0000	56200.0000	43948.7500	2313102.5400	1.9000	0.3167	-1.7544	"{""tp"": 1, ""eod"": 1}"
v2_norung	010950	20260909	True	8.5140	2	2	3240000.0000	3301000.0000	61000.0000	50806.5500	1645068.6000	3.0884	0.5147	-1.7544	"{""tp"": 1, ""eod"": 1}"
v3_norung_stop2.5	010950	20260909	True	8.5140	2	2	3240000.0000	3301000.0000	61000.0000	50806.5500	1645068.6000	3.0884	0.5147	-1.7544	"{""tp"": 1, ""eod"": 1}"
v4_norung_stop_trail	010950	20260909	True	8.5140	2	2	3240000.0000	3301000.0000	61000.0000	50806.5500	1645068.6000	3.0884	0.5147	-1.7544	"{""tp"": 1, ""eod"": 1}"
v1_current	033790	20260909	True	11.2521	10	2	9738250.0000	9966570.0000	228320.0000	197572.0410	4877668.4250	4.0505	0.6751	-4.4416	"{""tp"": 1, ""eod"": 1}"
v2_norung	033790	20260909	True	11.2521	2	2	3401440.0000	3480320.0000	78880.0000	68142.2800	1703186.3520	4.0009	0.6668	-5.0761	"{""tp"": 1, ""eod"": 1}"
v3_norung_stop2.5	033790	20260909	True	11.2521	4	4	6802880.0000	6886000.0000	83120.0000	61827.4280	1703186.3520	3.6301	0.6050	-3.1726	"{""stop"": 1, ""tp"": 2, ""eod"": 1}"
v4_norung_stop_trail	033790	20260909	True	11.2521	6	6	10202410.0000	10262900.0000	60490.0000	28714.3285	1703606.6250	1.6855	0.2809	-3.1726	"{""stop"": 1, ""trail"": 2, ""tp"": 2, ""eod"": 1}"
v1_current	034020	20260909	False	14.1866	0	0	0.0000	0.0000	0.0000	0.0000	0.0000	0.0000	0.0000	0.0000	{}
v2_norung	034020	20260909	False	14.1866	0	0	0.0000	0.0000	0.0000	0.0000	0.0000	0.0000	0.0000	0.0000	{}
v3_norung_stop2.5	034020	20260909	False	14.1866	0	0	0.0000	0.0000	0.0000	0.0000	0.0000	0.0000	0.0000	0.0000	{}
v4_norung_stop_trail	034020	20260909	False	14.1866	0	0	0.0000	0.0000	0.0000	0.0000	0.0000	0.0000	0.0000	0.0000	{}
v1_current	036930	20260909	True	13.2473	3	3	4895200.0000	4968000.0000	72800.0000	57446.5200	1677089.4000	3.4254	0.5709	-3.5800	"{""tp"": 2, ""eod"": 1}"
v2_norung	036930	20260909	True	13.2473	3	3	4895200.0000	4968000.0000	72800.0000	57446.5200	1677089.4000	3.4254	0.5709	-3.5800	"{""tp"": 2, ""eod"": 1}"
v3_norung_stop2.5	036930	20260909	True	13.2473	4	4	6527200.0000	6596000.0000	68800.0000	48397.1200	1677089.4000	2.8858	0.4810	-2.6253	"{""tp"": 2, ""stop"": 1, ""eod"": 1}"
v4_norung_stop_trail	036930	20260909	True	13.2473	7	7	11439200.0000	11500000.0000	60800.0000	25189.5200	1677089.4000	1.5020	0.2503	-1.6706	"{""tp"": 2, ""trail"": 4, ""eod"": 1}"
v1_current	096770	20260909	True	8.1677	6	4	8088900.0000	8296800.0000	207900.0000	182315.0550	2417570.4000	7.5413	1.2569	-0.5827	"{""tp"": 3, ""eod"": 1}"
v2_norung	096770	20260909	True	8.1677	4	4	6602400.0000	6782500.0000	180100.0000	159191.3150	1695501.3600	9.3890	1.5648	-0.5827	"{""tp"": 3, ""eod"": 1}"
v3_norung_stop2.5	096770	20260909	True	8.1677	4	4	6602400.0000	6782500.0000	180100.0000	159191.3150	1695501.3600	9.3890	1.5648	-0.5827	"{""tp"": 3, ""eod"": 1}"
v4_norung_stop_trail	096770	20260909	True	8.1677	4	4	6602400.0000	6782500.0000	180100.0000	159191.3150	1695501.3600	9.3890	1.5648	-0.5827	"{""tp"": 3, ""eod"": 1}"
v1_current	108490	20260909	True	7.9844	3	3	4702500.0000	4811000.0000	108500.0000	93656.4250	1696101.7500	5.5219	0.9203	-2.1987	"{""tp"": 2, ""eod"": 1}"
v2_norung	108490	20260909	True	7.9844	3	3	4702500.0000	4811000.0000	108500.0000	93656.4250	1696101.7500	5.5219	0.9203	-2.1987	"{""tp"": 2, ""eod"": 1}"
v3_norung_stop2.5	108490	20260909	True	7.9844	3	3	4702500.0000	4811000.0000	108500.0000	93656.4250	1696101.7500	5.5219	0.9203	-2.1987	"{""tp"": 2, ""eod"": 1}"
v4_norung_stop_trail	108490	20260909	True	7.9844	6	6	9300000.0000	9361000.0000	61000.0000	32020.5500	1696101.7500	1.8879	0.3146	-2.1987	"{""tp"": 2, ""trail"": 3, ""eod"": 1}"
v1_current	403870	20260909	True	18.7278	2	2	3324100.0000	3349000.0000	24900.0000	14534.2850	1675088.1000	0.8677	0.1446	-3.1634	"{""tp"": 1, ""eod"": 1}"
v2_norung	403870	20260909	True	18.7278	2	2	3324100.0000	3349000.0000	24900.0000	14534.2850	1675088.1000	0.8677	0.1446	-3.1634	"{""tp"": 1, ""eod"": 1}"
v3_norung_stop2.5	403870	20260909	True	18.7278	3	3	4992100.0000	5002900.0000	10800.0000	-4701.9700	1675088.1000	-0.2807	-0.0468	-3.1634	"{""tp"": 1, ""stop"": 1, ""eod"": 1}"
v4_norung_stop_trail	403870	20260909	True	18.7278	4	4	6672100.0000	6682000.0000	9900.0000	-10807.7650	1681092.0000	-0.6429	-0.1072	-1.6071	"{""tp"": 1, ""trail"": 2, ""eod"": 1}"
v1_current	010950	20260910	True	12.4103	3	1	3211500.0000	3078000.0000	-133500.0000	-143128.5750	3213587.4750	-4.4539	-0.7423	-6.9286	"{""eod"": 1}"
v2_norung	010950	20260910	True	12.4103	1	1	1667000.0000	1539000.0000	-128000.0000	-132854.1000	1668083.5500	-7.9645	-1.3274	-9.0582	"{""eod"": 1}"
v3_norung_stop2.5	010950	20260910	True	12.4103	3	3	4923900.0000	4836900.0000	-87000.0000	-102050.9400	1694000.3850	-6.0243	-1.0040	-3.1194	"{""stop"": 2, ""eod"": 1}"
v4_norung_stop_trail	010950	20260910	True	12.4103	7	7	11671300.0000	11633200.0000	-38100.0000	-74187.6850	1697302.5300	-4.3709	-0.7285	-3.1194	"{""stop"": 1, ""trail"": 5, ""eod"": 1}"
v1_current	064550	20260910	True	5.1754	1	1	1701000.0000	1666800.0000	-34200.0000	-39389.3100	1702105.6500	-2.3142	-0.3857	-2.5397	"{""eod"": 1}"
v2_norung	064550	20260910	True	5.1754	1	1	1701000.0000	1666800.0000	-34200.0000	-39389.3100	1702105.6500	-2.3142	-0.3857	-2.5397	"{""eod"": 1}"
v3_norung_stop2.5	064550	20260910	True	5.1754	1	1	1701000.0000	1666800.0000	-34200.0000	-39389.3100	1702105.6500	-2.3142	-0.3857	-2.5397	"{""eod"": 1}"
v4_norung_stop_trail	064550	20260910	True	5.1754	2	2	3399320.0000	3370640.0000	-28680.0000	-39147.6260	1702105.6500	-2.3000	-0.3833	-1.9048	"{""trail"": 1, ""eod"": 1}"
v1_current	108490	20260910	True	20.1959	6	2	5792000.0000	5860500.0000	68500.0000	50376.9750	4202229.6750	1.1988	0.1998	-3.5644	"{""tp"": 1, ""eod"": 1}"
v2_norung	108490	20260910	True	20.1959	2	2	3225000.0000	3272500.0000	47500.0000	37386.1250	1633561.1250	2.2886	0.3814	-3.5222	"{""tp"": 1, ""eod"": 1}"
v3_norung_stop2.5	108490	20260910	True	20.1959	3	3	4822500.0000	4857500.0000	35000.0000	19964.5000	1633561.1250	1.2221	0.2037	-3.0628	"{""tp"": 1, ""stop"": 1, ""eod"": 1}"
v4_norung_stop_trail	108490	20260910	True	20.1959	6	6	9620000.0000	9655000.0000	35000.0000	5092.2500	1633561.1250	0.3117	0.0520	-1.8377	"{""tp"": 1, ""trail"": 4, ""eod"": 1}"
v1_current	000500	20260911	True	22.6050	4	3	5422500.0000	5520000.0000	97500.0000	80451.3750	2278480.0500	3.5309	0.5885	-0.9921	"{""tp"": 2, ""eod"": 1}"
v2_norung	000500	20260911	True	22.6050	3	3	4657500.0000	4761000.0000	103500.0000	88808.1750	1670585.1750	5.3160	0.8860	-0.9921	"{""tp"": 2, ""eod"": 1}"
v3_norung_stop2.5	000500	20260911	True	22.6050	3	3	4657500.0000	4761000.0000	103500.0000	88808.1750	1670585.1750	5.3160	0.8860	-0.9921	"{""tp"": 2, ""eod"": 1}"
v4_norung_stop_trail	000500	20260911	True	22.6050	3	3	4657500.0000	4761000.0000	103500.0000	88808.1750	1670585.1750	5.3160	0.8860	-0.9921	"{""tp"": 2, ""eod"": 1}"
v1_current	000720	20260911	True	7.9713	2	2	3288400.0000	3359500.0000	71100.0000	60731.7650	1691098.5000	3.5913	0.5985	-0.6006	"{""tp"": 1, ""eod"": 1}"
v2_norung	000720	20260911	True	7.9713	2	2	3288400.0000	3359500.0000	71100.0000	60731.7650	1691098.5000	3.5913	0.5985	-0.6006	"{""tp"": 1, ""eod"": 1}"
v3_norung_stop2.5	000720	20260911	True	7.9713	2	2	3288400.0000	3359500.0000	71100.0000	60731.7650	1691098.5000	3.5913	0.5985	-0.6006	"{""tp"": 1, ""eod"": 1}"
v4_norung_stop_trail	000720	20260911	True	7.9713	2	2	3288400.0000	3359500.0000	71100.0000	60731.7650	1691098.5000	3.5913	0.5985	-0.6006	"{""tp"": 1, ""eod"": 1}"
v1_current	000880	20260911	False	8.5879	0	0	0.0000	0.0000	0.0000	0.0000	0.0000	0.0000	0.0000	0.0000	{}
v2_norung	000880	20260911	False	8.5879	0	0	0.0000	0.0000	0.0000	0.0000	0.0000	0.0000	0.0000	0.0000	{}
v3_norung_stop2.5	000880	20260911	False	8.5879	0	0	0.0000	0.0000	0.0000	0.0000	0.0000	0.0000	0.0000	0.0000	{}
v4_norung_stop_trail	000880	20260911	False	8.5879	0	0	0.0000	0.0000	0.0000	0.0000	0.0000	0.0000	0.0000	0.0000	{}
v1_current	001820	20260911	True	14.2642	7	5	9572200.0000	9752700.0000	180500.0000	150383.9550	2953418.4750	5.0919	0.8486	-5.6250	"{""tp"": 4, ""eod"": 1}"
v2_norung	001820	20260911	True	14.2642	5	5	8204700.0000	8385700.0000	181000.0000	155121.9800	1696502.0100	9.1436	1.5239	-6.0417	"{""tp"": 4, ""eod"": 1}"
v3_norung_stop2.5	001820	20260911	True	14.2642	6	6	9865500.0000	10058000.0000	192500.0000	161445.3250	1696502.0100	9.5164	1.5861	-3.5417	"{""tp"": 4, ""stop"": 1, ""eod"": 1}"
v4_norung_stop_trail	001820	20260911	True	14.2642	10	10	16448700.0000	16601600.0000	152900.0000	101534.4250	1696502.0100	5.9849	0.9975	-3.5417	"{""tp"": 4, ""stop"": 1, ""trail"": 4, ""eod"": 1}"
v1_current	004090	20260911	True	25.5828	4	1	4069220.0000	3803790.0000	-265430.0000	-277394.2785	4071864.9930	-6.8125	-1.1354	-9.1477	"{""eod"": 1}"
v2_norung	004090	20260911	True	25.5828	1	1	1695600.0000	1477200.0000	-218400.0000	-223121.2800	1696702.1400	-13.1503	-2.1917	-13.8712	"{""eod"": 1}"
v3_norung_stop2.5	004090	20260911	True	25.5828	5	5	8486290.0000	8254310.0000	-231980.0000	-257719.1480	1705227.6780	-15.1135	-2.5189	-5.0955	"{""stop"": 4, ""eod"": 1}"
v4_norung_stop_trail	004090	20260911	True	25.5828	8	8	13569130.0000	13392550.0000	-176580.0000	-218211.6820	1704106.9500	-12.8050	-2.1342	-5.0955	"{""stop"": 1, ""trail"": 6, ""eod"": 1}"
v1_current	004310	20260911	True	43.4371	0	0	0.0000	0.0000	0.0000	0.0000	0.0000	0.0000	0.0000	0.0000	{}
v2_norung	004310	20260911	True	43.4371	0	0	0.0000	0.0000	0.0000	0.0000	0.0000	0.0000	0.0000	0.0000	{}
v3_norung_stop2.5	004310	20260911	True	43.4371	0	0	0.0000	0.0000	0.0000	0.0000	0.0000	0.0000	0.0000	0.0000	{}
v4_norung_stop_trail	004310	20260911	True	43.4371	0	0	0.0000	0.0000	0.0000	0.0000	0.0000	0.0000	0.0000	0.0000	{}
v1_current	004770	20260911	True	14.1929	6	2	6585310.0000	6460040.0000	-125270.0000	-145377.5495	4884572.9100	-2.9763	-0.4960	-5.0109	"{""tp"": 1, ""eod"": 1}"
v2_norung	004770	20260911	True	14.1929	2	2	3406800.0000	3330920.0000	-75880.0000	-86255.1740	1705017.5415	-5.0589	-0.8432	-8.0610	"{""tp"": 1, ""eod"": 1}"
v3_norung_stop2.5	004770	20260911	True	14.1929	3	3	5110430.0000	4967610.0000	-142820.0000	-158312.4240	1705017.5415	-9.2851	-1.5475	-3.8462	"{""stop"": 3}"
v4_norung_stop_trail	004770	20260911	True	14.1929	4	4	6813730.0000	6670695.0000	-143035.0000	-163807.1272	1705407.7950	-9.6052	-1.6009	-3.8462	"{""stop"": 1, ""trail"": 3}"
v1_current	010170	20260911	True	5.7585	1	1	1695750.0000	1682660.0000	-13090.0000	-18314.7545	1696852.2375	-1.0793	-0.1799	-0.9825	"{""eod"": 1}"
v2_norung	010170	20260911	True	5.7585	1	1	1695750.0000	1682660.0000	-13090.0000	-18314.7545	1696852.2375	-1.0793	-0.1799	-0.9825	"{""eod"": 1}"
v3_norung_stop2.5	010170	20260911	True	5.7585	1	1	1695750.0000	1682660.0000	-13090.0000	-18314.7545	1696852.2375	-1.0793	-0.1799	-0.9825	"{""eod"": 1}"
v4_norung_stop_trail	010170	20260911	True	5.7585	1	1	1695750.0000	1682660.0000	-13090.0000	-18314.7545	1696852.2375	-1.0793	-0.1799	-0.9825	"{""eod"": 1}"
v1_current	014530	20260911	True	8.9452	3	1	3289545.0000	3222450.0000	-67095.0000	-77128.2068	3291683.2043	-2.3431	-0.3905	-4.2493	"{""eod"": 1}"
v2_norung	014530	20260911	True	8.9452	1	1	1701460.0000	1643620.0000	-57840.0000	-62972.8180	1702565.9490	-3.6987	-0.6165	-4.2493	"{""eod"": 1}"
v3_norung_stop2.5	014530	20260911	True	8.9452	2	2	3405230.0000	3325160.0000	-80070.0000	-90430.0415	1704877.4505	-5.3042	-0.8840	-4.2493	"{""stop"": 1, ""eod"": 1}"
v4_norung_stop_trail	014530	20260911	True	8.9452	3	3	5106510.0000	5026340.0000	-80170.0000	-95803.7645	1704877.4505	-5.6194	-0.9366	-4.2493	"{""stop"": 1, ""trail"": 1, ""eod"": 1}"
v1_current	014990	20260911	True	20.9037	7	3	8281270.0000	8207055.0000	-74215.0000	-99705.1102	4880415.2092	-2.0430	-0.3405	-4.7226	"{""tp"": 2, ""eod"": 1}"
v2_norung	014990	20260911	True	20.9037	3	3	5104875.0000	5127320.0000	22445.0000	6564.8972	1704657.3075	0.3851	0.0642	-5.1724	"{""tp"": 2, ""eod"": 1}"
v3_norung_stop2.5	014990	20260911	True	20.9037	5	5	8510275.0000	8499805.0000	-10470.0000	-36826.2010	1704657.3075	-2.1603	-0.3601	-2.8736	"{""tp"": 2, ""stop"": 2, ""eod"": 1}"
v4_norung_stop_trail	014990	20260911	True	20.9037	7	7	11914870.0000	11925680.0000	10810.0000	-26152.5815	1704657.3075	-1.5342	-0.2557	-2.8202	"{""tp"": 2, ""trail"": 3, ""stop"": 1, ""eod"": 1}"
v1_current	034020	20260911	True	9.1375	1	1	1696700.0000	1721400.0000	24700.0000	19379.7150	1697802.8550	1.1415	0.1902	-0.2240	"{""eod"": 1}"
v2_norung	034020	20260911	True	9.1375	1	1	1696700.0000	1721400.0000	24700.0000	19379.7150	1697802.8550	1.1415	0.1902	-0.2240	"{""eod"": 1}"
v3_norung_stop2.5	034020	20260911	True	9.1375	1	1	1696700.0000	1721400.0000	24700.0000	19379.7150	1697802.8550	1.1415	0.1902	-0.2240	"{""eod"": 1}"
v4_norung_stop_trail	034020	20260911	True	9.1375	1	1	1696700.0000	1721400.0000	24700.0000	19379.7150	1697802.8550	1.1415	0.1902	-0.2240	"{""eod"": 1}"
v1_current	039030	20260911	True	6.0797	3	2	3117500.0000	3152000.0000	34500.0000	24751.2250	1761144.0000	1.4054	0.2342	-1.9890	"{""tp"": 1, ""eod"": 1}"
v2_norung	039030	20260911	True	6.0797	2	2	2679000.0000	2700000.0000	21000.0000	12643.6500	1358382.3750	0.9308	0.1551	-1.9890	"{""tp"": 1, ""eod"": 1}"
v3_norung_stop2.5	039030	20260911	True	6.0797	2	2	2679000.0000	2700000.0000	21000.0000	12643.6500	1358382.3750	0.9308	0.1551	-1.9890	"{""tp"": 1, ""eod"": 1}"
v4_norung_stop_trail	039030	20260911	True	6.0797	2	2	2679000.0000	2695500.0000	16500.0000	8154.6750	1358382.3750	0.6003	0.1001	-1.8785	"{""tp"": 1, ""trail"": 1}"
v1_current	047040	20260911	True	8.0266	2	2	3391690.0000	3446130.0000	54440.0000	43792.3830	1702145.6760	2.5728	0.4288	-1.2066	"{""tp"": 1, ""eod"": 1}"
v2_norung	047040	20260911	True	8.0266	2	2	3391690.0000	3446130.0000	54440.0000	43792.3830	1702145.6760	2.5728	0.4288	-1.2066	"{""tp"": 1, ""eod"": 1}"
v3_norung_stop2.5	047040	20260911	True	8.0266	2	2	3391690.0000	3446130.0000	54440.0000	43792.3830	1702145.6760	2.5728	0.4288	-1.2066	"{""tp"": 1, ""eod"": 1}"
v4_norung_stop_trail	047040	20260911	True	8.0266	2	2	3391690.0000	3446130.0000	54440.0000	43792.3830	1702145.6760	2.5728	0.4288	-1.2066	"{""tp"": 1, ""eod"": 1}"
v1_current	047050	20260911	True	6.8731	1	1	1658800.0000	1664600.0000	5800.0000	643.5100	1659878.2200	0.0388	0.0065	-0.3497	"{""eod"": 1}"
v2_norung	047050	20260911	True	6.8731	1	1	1658800.0000	1664600.0000	5800.0000	643.5100	1659878.2200	0.0388	0.0065	-0.3497	"{""eod"": 1}"
v3_norung_stop2.5	047050	20260911	True	6.8731	1	1	1658800.0000	1664600.0000	5800.0000	643.5100	1659878.2200	0.0388	0.0065	-0.3497	"{""eod"": 1}"
v4_norung_stop_trail	047050	20260911	True	6.8731	1	1	1658800.0000	1664600.0000	5800.0000	643.5100	1659878.2200	0.0388	0.0065	-0.3497	"{""eod"": 1}"
v1_current	052690	20260911	True	32.4377	3	3	4900500.0000	5008300.0000	107800.0000	92344.3400	1676388.9450	5.5085	0.9181	-2.0353	"{""tp"": 2, ""zone_exit"": 1}"
v2_norung	052690	20260911	True	32.4377	3	3	4900500.0000	5008300.0000	107800.0000	92344.3400	1676388.9450	5.5085	0.9181	-2.0353	"{""tp"": 2, ""zone_exit"": 1}"
v3_norung_stop2.5	052690	20260911	True	32.4377	3	3	4900500.0000	5008300.0000	107800.0000	92344.3400	1676388.9450	5.5085	0.9181	-2.0353	"{""tp"": 2, ""zone_exit"": 1}"
v4_norung_stop_trail	052690	20260911	True	32.4377	3	3	4900500.0000	5008300.0000	107800.0000	92344.3400	1676388.9450	5.5085	0.9181	-2.0353	"{""tp"": 2, ""zone_exit"": 1}"
v1_current	053690	20260911	True	9.1778	4	1	4029800.0000	4080300.0000	50500.0000	37883.8950	4032419.3700	0.9395	0.1566	-0.4357	"{""eod"": 1}"
v2_norung	053690	20260911	True	9.1778	2	2	3390300.0000	3438500.0000	48200.0000	37571.9800	1699403.8950	2.2109	0.3685	-2.1277	"{""tp"": 1, ""eod"": 1}"
v3_norung_stop2.5	053690	20260911	True	9.1778	2	2	3390300.0000	3438500.0000	48200.0000	37571.9800	1699403.8950	2.2109	0.3685	-2.1277	"{""tp"": 1, ""eod"": 1}"
v4_norung_stop_trail	053690	20260911	True	9.1778	2	2	3390300.0000	3438500.0000	48200.0000	37571.9800	1699403.8950	2.2109	0.3685	-2.1277	"{""tp"": 1, ""eod"": 1}"
v1_current	092790	20260911	True	14.9425	8	2	8117930.0000	7960360.0000	-157570.0000	-182349.5365	6426774.6900	-2.8373	-0.4729	-3.8617	"{""tp"": 1, ""eod"": 1}"
v2_norung	092790	20260911	True	14.9425	2	2	3396210.0000	3382710.0000	-13500.0000	-23995.1760	1701985.5720	-1.4098	-0.2350	-4.4236	"{""tp"": 1, ""eod"": 1}"
v3_norung_stop2.5	092790	20260911	True	14.9425	3	3	5093050.0000	5097670.0000	4620.0000	-11179.7740	1701985.5720	-0.6569	-0.1095	-2.6139	"{""tp"": 1, ""stop"": 1, ""eod"": 1}"
v4_norung_stop_trail	092790	20260911	True	14.9425	9	9	15248030.0000	15177230.0000	-70800.0000	-117895.4330	1701265.1040	-6.9299	-1.1550	-3.3597	"{""trail"": 4, ""tp"": 2, ""stop"": 2, ""eod"": 1}"
v1_current	096770	20260911	True	15.2574	1	1	1628000.0000	1581800.0000	-46200.0000	-51133.6100	1629058.2000	-3.1388	-0.5231	-3.8514	"{""eod"": 1}"
v2_norung	096770	20260911	True	15.2574	1	1	1628000.0000	1581800.0000	-46200.0000	-51133.6100	1629058.2000	-3.1388	-0.5231	-3.8514	"{""eod"": 1}"
v3_norung_stop2.5	096770	20260911	True	15.2574	2	2	3206500.0000	3166900.0000	-39600.0000	-49443.1300	1629058.2000	-3.0351	-0.5058	-2.5676	"{""stop"": 1, ""eod"": 1}"
v4_norung_stop_trail	096770	20260911	True	15.2574	6	6	9528200.0000	9495200.0000	-33000.0000	-62456.5700	1629058.2000	-3.8339	-0.6390	-2.3649	"{""trail"": 5, ""eod"": 1}"
v1_current	108490	20260911	True	19.2422	1	1	1602500.0000	1620000.0000	17500.0000	12489.3750	1603541.6250	0.7789	0.1298	-1.2480	"{""eod"": 1}"
v2_norung	108490	20260911	True	19.2422	1	1	1602500.0000	1620000.0000	17500.0000	12489.3750	1603541.6250	0.7789	0.1298	-1.2480	"{""eod"": 1}"
v3_norung_stop2.5	108490	20260911	True	19.2422	1	1	1602500.0000	1620000.0000	17500.0000	12489.3750	1603541.6250	0.7789	0.1298	-1.2480	"{""eod"": 1}"
v4_norung_stop_trail	108490	20260911	True	19.2422	3	3	4807500.0000	4795000.0000	-12500.0000	-27372.6250	1606043.2500	-1.7044	-0.2841	-1.2480	"{""trail"": 2, ""eod"": 1}"
v1_current	112610	20260911	True	9.0547	2	2	3322400.0000	3348800.0000	26400.0000	16035.8800	1662680.0400	0.9645	0.1607	-3.3582	"{""tp"": 1, ""eod"": 1}"
v2_norung	112610	20260911	True	9.0547	2	2	3322400.0000	3348800.0000	26400.0000	16035.8800	1662680.0400	0.9645	0.1607	-3.3582	"{""tp"": 1, ""eod"": 1}"
v3_norung_stop2.5	112610	20260911	True	9.0547	3	3	4999200.0000	5013600.0000	14400.0000	-1132.8000	1677889.9200	-0.0675	-0.0113	-2.7985	"{""tp"": 1, ""stop"": 1, ""eod"": 1}"
v4_norung_stop_trail	112610	20260911	True	9.0547	4	4	6669600.0000	6677600.0000	8000.0000	-12695.3600	1677889.9200	-0.7566	-0.1261	-2.7985	"{""tp"": 1, ""stop"": 1, ""trail"": 1, ""eod"": 1}"
v1_current	117580	20260911	True	13.5163	1	1	1699110.0000	1588440.0000	-110670.0000	-115666.0995	1700214.4215	-6.8030	-1.1338	-6.5134	"{""eod"": 1}"
v2_norung	117580	20260911	True	13.5163	1	1	1699110.0000	1588440.0000	-110670.0000	-115666.0995	1700214.4215	-6.8030	-1.1338	-6.5134	"{""eod"": 1}"
v3_norung_stop2.5	117580	20260911	True	13.5163	3	3	5104900.0000	4991800.0000	-113100.0000	-128648.0950	1705407.7950	-7.5435	-1.2573	-2.9374	"{""stop"": 2, ""eod"": 1}"
v4_norung_stop_trail	117580	20260911	True	13.5163	4	4	6801130.0000	6663270.0000	-137860.0000	-158605.7460	1702886.1570	-9.3139	-1.5523	-2.9374	"{""stop"": 2, ""trail"": 2}"
v1_current	130660	20260911	True	8.6349	10	3	10618260.0000	10502430.0000	-115830.0000	-148462.8225	6434779.8900	-2.3072	-0.3845	-4.0640	"{""tp"": 2, ""eod"": 1}"
v2_norung	130660	20260911	True	8.6349	3	3	5096530.0000	5104640.0000	8110.0000	-7709.1125	1703996.8785	-0.4524	-0.0754	-5.8700	"{""tp"": 2, ""eod"": 1}"
v3_norung_stop2.5	130660	20260911	True	8.6349	4	4	6795160.0000	6816350.0000	21190.0000	73.0885	1703996.8785	0.0043	0.0007	-2.6555	"{""tp"": 2, ""stop"": 1, ""eod"": 1}"
v4_norung_stop_trail	130660	20260911	True	8.6349	7	7	11880310.0000	11901220.0000	20910.0000	-15970.1905	1703996.8785	-0.9372	-0.1562	-2.6555	"{""tp"": 2, ""stop"": 1, ""trail"": 3, ""eod"": 1}"
v1_current	175330	20260911	True	7.7360	2	2	3386150.0000	3408300.0000	22150.0000	11598.6675	1699754.1225	0.6824	0.1137	-1.8721	"{""tp"": 1, ""eod"": 1}"
v2_norung	175330	20260911	True	7.7360	2	2	3386150.0000	3408300.0000	22150.0000	11598.6675	1699754.1225	0.6824	0.1137	-1.8721	"{""tp"": 1, ""eod"": 1}"
v3_norung_stop2.5	175330	20260911	True	7.7360	2	2	3386150.0000	3408300.0000	22150.0000	11598.6675	1699754.1225	0.6824	0.1137	-1.8721	"{""tp"": 1, ""eod"": 1}"
v4_norung_stop_trail	175330	20260911	True	7.7360	3	3	5068900.0000	5088400.0000	19500.0000	3738.6350	1699754.1225	0.2200	0.0367	-1.7161	"{""tp"": 1, ""trail"": 1, ""eod"": 1}"
v1_current	180640	20260911	True	1.9064	1	1	1635600.0000	1672800.0000	37200.0000	32038.5000	1636663.1400	1.9576	0.3263	-0.5136	"{""eod"": 1}"
v2_norung	180640	20260911	True	1.9064	1	1	1635600.0000	1672800.0000	37200.0000	32038.5000	1636663.1400	1.9576	0.3263	-0.5136	"{""eod"": 1}"
v3_norung_stop2.5	180640	20260911	True	1.9064	1	1	1635600.0000	1672800.0000	37200.0000	32038.5000	1636663.1400	1.9576	0.3263	-0.5136	"{""eod"": 1}"
v4_norung_stop_trail	180640	20260911	True	1.9064	1	1	1635600.0000	1672800.0000	37200.0000	32038.5000	1636663.1400	1.9576	0.3263	-0.5136	"{""eod"": 1}"
v1_current	192650	20260911	True	10.6748	5	2	5781200.0000	5730360.0000	-50840.0000	-68637.1620	4080930.8820	-1.6819	-0.2803	-3.9117	"{""tp"": 1, ""eod"": 1}"
v2_norung	192650	20260911	True	10.6748	2	2	3401690.0000	3389880.0000	-11810.0000	-22326.3045	1704026.8980	-1.3102	-0.2184	-5.1437	"{""tp"": 1, ""eod"": 1}"
v3_norung_stop2.5	192650	20260911	True	10.6748	3	3	5106170.0000	5107210.0000	1040.0000	-14791.6750	1705587.9120	-0.8672	-0.1445	-3.6309	"{""tp"": 1, ""stop"": 1, ""eod"": 1}"
v4_norung_stop_trail	192650	20260911	True	10.6748	4	4	6806250.0000	6801970.0000	-4280.0000	-25368.8890	1705587.9120	-1.4874	-0.2479	-3.6309	"{""tp"": 1, ""stop"": 1, ""trail"": 1, ""eod"": 1}"
v1_current	248170	20260911	True	45.0310	19	1	14990700.0000	13386700.0000	-1604000.0000	-1646541.3700	15000443.9550	-10.9766	-1.8294	-11.0958	"{""eod"": 1}"
v2_norung	248170	20260911	True	45.0310	1	1	1680100.0000	1348850.0000	-331250.0000	-335646.7475	1681192.0650	-19.9648	-3.3275	-19.8738	"{""eod"": 1}"
v3_norung_stop2.5	248170	20260911	True	45.0310	7	7	11819850.0000	11457200.0000	-362650.0000	-398403.0425	1705107.6000	-23.3653	-3.8942	-4.4164	"{""stop"": 6, ""eod"": 1}"
v4_norung_stop_trail	248170	20260911	True	45.0310	15	15	25266250.0000	25004600.0000	-261650.0000	-339334.3325	1703906.8200	-19.9151	-3.3192	-4.4164	"{""stop"": 2, ""trail"": 12, ""tp"": 1}"
v1_current	267250	20260911	True	5.2515	2	2	3184500.0000	3222000.0000	37500.0000	27536.1750	1691598.8250	1.6278	0.2713	-2.2088	"{""tp"": 1, ""eod"": 1}"
v2_norung	267250	20260911	True	5.2515	2	2	3184500.0000	3222000.0000	37500.0000	27536.1750	1691598.8250	1.6278	0.2713	-2.2088	"{""tp"": 1, ""eod"": 1}"
v3_norung_stop2.5	267250	20260911	True	5.2515	2	2	3184500.0000	3222000.0000	37500.0000	27536.1750	1691598.8250	1.6278	0.2713	-2.2088	"{""tp"": 1, ""eod"": 1}"
v4_norung_stop_trail	267250	20260911	True	5.2515	4	4	6175500.0000	6207000.0000	31500.0000	12278.7750	1691598.8250	0.7259	0.1210	-2.2088	"{""tp"": 1, ""trail"": 2, ""eod"": 1}"
v1_current	267270	20260911	True	3.2503	2	1	2270300.0000	2267200.0000	-3100.0000	-10130.3350	2271775.6950	-0.4459	-0.0743	-2.3893	"{""eod"": 1}"
v2_norung	267270	20260911	True	3.2503	1	1	1565300.0000	1558700.0000	-6600.0000	-11436.2600	1566317.4450	-0.7301	-0.1217	-2.3893	"{""eod"": 1}"
v3_norung_stop2.5	267270	20260911	True	3.2503	1	1	1565300.0000	1558700.0000	-6600.0000	-11436.2600	1566317.4450	-0.7301	-0.1217	-2.3893	"{""eod"": 1}"
v4_norung_stop_trail	267270	20260911	True	3.2503	3	3	4827400.0000	4815600.0000	-11800.0000	-26736.0300	1697902.9200	-1.5747	-0.2624	-2.3893	"{""trail"": 2, ""eod"": 1}"
v1_current	294870	20260911	True	4.2331	2	2	3383800.0000	3429500.0000	45700.0000	35098.2550	1695101.1000	2.0706	0.3451	-0.4132	"{""tp"": 1, ""eod"": 1}"
v2_norung	294870	20260911	True	4.2331	2	2	3383800.0000	3429500.0000	45700.0000	35098.2550	1695101.1000	2.0706	0.3451	-0.4132	"{""tp"": 1, ""eod"": 1}"
v3_norung_stop2.5	294870	20260911	True	4.2331	2	2	3383800.0000	3429500.0000	45700.0000	35098.2550	1695101.1000	2.0706	0.3451	-0.4132	"{""tp"": 1, ""eod"": 1}"
v4_norung_stop_trail	294870	20260911	True	4.2331	2	2	3383800.0000	3429500.0000	45700.0000	35098.2550	1695101.1000	2.0706	0.3451	-0.4132	"{""tp"": 1, ""eod"": 1}"
v1_current	306200	20260911	True	5.0286	1	1	1611500.0000	1653300.0000	41800.0000	36701.9400	1612547.4750	2.2760	0.3793	-0.9556	"{""eod"": 1}"
v2_norung	306200	20260911	True	5.0286	1	1	1611500.0000	1653300.0000	41800.0000	36701.9400	1612547.4750	2.2760	0.3793	-0.9556	"{""eod"": 1}"
v3_norung_stop2.5	306200	20260911	True	5.0286	1	1	1611500.0000	1653300.0000	41800.0000	36701.9400	1612547.4750	2.2760	0.3793	-0.9556	"{""eod"": 1}"
v4_norung_stop_trail	306200	20260911	True	5.0286	1	1	1611500.0000	1653300.0000	41800.0000	36701.9400	1612547.4750	2.2760	0.3793	-0.9556	"{""eod"": 1}"
v1_current	375500	20260911	True	12.6531	3	2	4048100.0000	4100800.0000	52700.0000	40021.7750	2395656.1650	1.6706	0.2784	-1.1737	"{""tp"": 1, ""eod"": 1}"
v2_norung	375500	20260911	True	12.6531	2	2	3280400.0000	3330400.0000	50000.0000	39708.2600	1655075.1000	2.3992	0.3999	-1.2850	"{""tp"": 1, ""eod"": 1}"
v3_norung_stop2.5	375500	20260911	True	12.6531	2	2	3280400.0000	3330400.0000	50000.0000	39708.2600	1655075.1000	2.3992	0.3999	-1.2850	"{""tp"": 1, ""eod"": 1}"
v4_norung_stop_trail	375500	20260911	True	12.6531	3	3	4984400.0000	5032900.0000	48500.0000	32929.5350	1705107.6000	1.9312	0.3219	-0.9346	"{""tp"": 1, ""trail"": 1, ""eod"": 1}"
v1_current	388050	20260911	True	12.1843	3	2	4191270.0000	4177310.0000	-13960.0000	-26918.7350	2496121.4250	-1.0784	-0.1797	-2.9946	"{""tp"": 1, ""eod"": 1}"
v2_norung	388050	20260911	True	12.1843	2	2	3399840.0000	3408650.0000	8810.0000	-1751.0885	1704176.9955	-0.1028	-0.0171	-2.8871	"{""tp"": 1, ""eod"": 1}"
v3_norung_stop2.5	388050	20260911	True	12.1843	3	3	5097680.0000	5095970.0000	-1710.0000	-17508.6185	1704176.9955	-1.0274	-0.1712	-2.8871	"{""tp"": 1, ""stop"": 1, ""eod"": 1}"
v4_norung_stop_trail	388050	20260911	True	12.1843	5	5	8488410.0000	8475910.0000	-12500.0000	-38783.4460	1704176.9955	-2.2758	-0.3793	-1.9248	"{""tp"": 1, ""trail"": 3, ""eod"": 1}"
v1_current	403870	20260911	True	10.0184	1	1	1661600.0000	1655400.0000	-6200.0000	-11335.7700	1662680.0400	-0.6818	-0.1136	-0.7463	"{""eod"": 1}"
v2_norung	403870	20260911	True	10.0184	1	1	1661600.0000	1655400.0000	-6200.0000	-11335.7700	1662680.0400	-0.6818	-0.1136	-0.7463	"{""eod"": 1}"
v3_norung_stop2.5	403870	20260911	True	10.0184	1	1	1661600.0000	1655400.0000	-6200.0000	-11335.7700	1662680.0400	-0.6818	-0.1136	-0.7463	"{""eod"": 1}"
v4_norung_stop_trail	403870	20260911	True	10.0184	3	3	4969300.0000	4969300.0000	0.0000	-15404.8300	1662680.0400	-0.9265	-0.1544	-0.7463	"{""trail"": 2, ""eod"": 1}"
v1_current	443060	20260911	True	11.7626	10	4	10700500.0000	10866500.0000	166000.0000	132421.7500	3749435.5500	3.5318	0.5886	-3.8306	"{""tp"": 3, ""eod"": 1}"
v2_norung	443060	20260911	True	11.7626	3	3	4813000.0000	4905500.0000	92500.0000	77353.0750	1695101.1000	4.5633	0.7606	-4.6371	"{""tp"": 2, ""eod"": 1}"
v3_norung_stop2.5	443060	20260911	True	11.7626	5	5	7988000.0000	8085000.0000	97000.0000	71999.5500	1695101.1000	4.2475	0.7079	-3.8306	"{""tp"": 3, ""stop"": 1, ""eod"": 1}"
v4_norung_stop_trail	443060	20260911	True	11.7626	9	9	14545500.0000	14628500.0000	83000.0000	37705.6000	1705607.9250	2.2107	0.3684	-3.8306	"{""tp"": 3, ""stop"": 1, ""trail"": 4, ""eod"": 1}"
v1_current	465770	20260911	True	15.1282	5	1	4876275.0000	4508560.0000	-367715.0000	-381930.5508	4879444.5788	-7.8273	-1.3046	-8.1084	"{""zone_exit"": 1}"
v2_norung	465770	20260911	True	15.1282	1	1	1703320.0000	1490405.0000	-212915.0000	-217673.6502	1704427.1580	-12.7711	-2.1285	-12.6289	"{""zone_exit"": 1}"
v3_norung_stop2.5	465770	20260911	True	15.1282	4	4	6814585.0000	6631180.0000	-183405.0000	-204080.8712	1705407.7950	-11.9667	-1.9944	-2.8351	"{""stop"": 3, ""zone_exit"": 1}"
v4_norung_stop_trail	465770	20260911	True	15.1282	10	10	17030230.0000	16865730.0000	-164500.0000	-216890.6880	1705407.7950	-12.7178	-2.1196	-2.8351	"{""stop"": 1, ""trail"": 9}"
