tp_close	band	res	stop	period	main	holdout	n	n_days	n_months	gate_r	base_r	excess_tw	excess_mw	excess_r	t	p	beat	mae_med	mae_p25	mae_p75	mdd_pct	hold_mean	turnover_yr	cost_share	tp_rate	stop_rate	trunc_rate	q_bh
False	5~35	off	none	2020covid	True	False	23720	248	12	-0.0296	-0.0277	-0.0019	-0.0479	0.0013	0.0502	0.9609	0.5833	-4.1096	-9.7005	-1.6946	-8.7032	6.2038	40.6206	0.0633	0.8377	0.0000	0.0000	
False	5~35	off	none	2022bear	True	True	13785	246	12	-0.2894	-0.1978	-0.0916	-0.1062	-0.0400	-1.2366	0.2420	0.3333	-4.3991	-11.8211	-1.6766	-18.1229	7.2729	34.6492	0.0516	0.7629	0.0000	0.0001	
False	5~35	off	none	2024blackmon	True	False	16485	245	13	-0.1661	-0.1374	-0.0287	-0.0485	-0.0258	-0.8843	0.3939	0.3077	-4.3478	-10.9636	-1.7995	-12.3806	6.5462	38.4957	0.0565	0.7987	0.0000	0.0000	
False	5~35	off	none	2026now	True	False	12481	145	9	-0.1159	-0.1462	0.0303	-0.0232	0.0102	0.2345	0.8205	0.7778	-4.4524	-10.6275	-1.8816	-10.6698	5.1917	48.5395	0.0556	0.8639	0.0000	0.0001	
False	5~35	off	none	all4	True	False	66471	884	46	-0.1335	-0.1249	-0.0087	-0.0584	-0.0154	-0.9696	0.3374	0.4783	-4.3000	-10.5732	-1.7493		6.3204		0.0574	0.8174	0.0000		
False	5~35	off	2.5	2020covid	False	False	23720	248	12	-0.1499	-0.1191	-0.0308	-0.0428	-0.0399	-4.5937	0.0008	0.0833	-3.1673	-4.7320	-1.6946	-10.7051	1.3505	186.5909	0.1145	0.3531	0.6469	0.0000	
False	5~35	off	2.5	2022bear	False	True	13785	246	12	-0.1571	-0.1145	-0.0426	-0.0513	-0.0449	-3.5351	0.0047	0.0000	-3.1847	-4.8423	-1.6766	-10.8096	1.4715	171.2507	0.1150	0.3437	0.6559	0.0000	
False	5~35	off	2.5	2024blackmon	False	False	16485	245	13	-0.1661	-0.1230	-0.0431	-0.0429	-0.0363	-4.0433	0.0016	0.1538	-3.2746	-4.9612	-1.7995	-12.2455	1.3625	184.9526	0.1158	0.3313	0.6661	0.0000	
False	5~35	off	2.5	2026now	False	False	12481	145	9	-0.1799	-0.1670	-0.0129	0.0099	0.0154	0.4106	0.6922	0.3333	-3.5514	-5.8442	-1.8816	-8.6787	1.2210	206.3923	0.1162	0.3162	0.6819	0.0000	
False	5~35	off	2.5	all4	False	False	66471	884	46	-0.1610	-0.1267	-0.0343	-0.0347	-0.0293	-3.2580	0.0021	0.1304	-3.2609	-5.0000	-1.7493		1.3543		0.1152	0.3388	0.6601		0.0235
False	5~35	off	6	2020covid	False	False	23720	248	12	-0.1362	-0.1058	-0.0304	-0.0539	-0.0369	-2.6094	0.0243	0.2500	-4.1096	-6.9007	-1.6946	-10.2757	2.3878	105.5358	0.0736	0.6172	0.3808	0.0000	
False	5~35	off	6	2022bear	False	True	13785	246	12	-0.1844	-0.1498	-0.0346	-0.0466	-0.0251	-1.0250	0.3274	0.5000	-4.3991	-7.1429	-1.6766	-12.4009	2.6233	96.0627	0.0724	0.5802	0.4157	0.0000	
False	5~35	off	6	2024blackmon	False	False	16485	245	13	-0.1677	-0.1425	-0.0252	-0.0373	-0.0230	-1.4845	0.1635	0.3846	-4.3478	-7.0838	-1.7995	-12.8401	2.2934	109.8826	0.0731	0.5900	0.4053	0.0000	
False	5~35	off	6	2026now	False	False	12481	145	9	-0.1659	-0.1731	0.0072	-0.0221	-0.0127	-0.3655	0.7242	0.3333	-4.4524	-7.4672	-1.8816	-9.9534	1.7878	140.9524	0.0729	0.5947	0.4034	0.0000	
False	5~35	off	6	all4	False	False	66471	884	46	-0.1596	-0.1392	-0.0203	-0.0411	-0.0252	-2.3744	0.0219	0.3696	-4.3000	-7.0845	-1.7493		2.3006		0.0731	0.5985	0.3984		0.1205
False	5~35	on	none	2020covid	False	False	12644	245	12	-0.0501	-0.0277	-0.0224	-0.0777	-0.0114	-0.2631	0.7973	0.2500	-4.0000	-9.6224	-1.6509	-9.7344	6.4224	39.2376	0.0623	0.8306	0.0000	0.0000	
False	5~35	on	none	2022bear	False	True	5076	246	12	-0.2868	-0.1978	-0.0890	-0.1249	-0.0437	-0.7784	0.4528	0.4167	-4.1376	-11.2566	-1.5723	-19.7852	7.4736	33.7187	0.0519	0.7593	0.0000	0.0000	
False	5~35	on	none	2024blackmon	False	False	8346	245	13	-0.1334	-0.1374	0.0040	-0.0047	0.0343	1.2079	0.2503	0.5385	-4.0978	-10.3052	-1.6618	-9.8924	6.7920	37.1025	0.0589	0.7936	0.0000	0.0000	
False	5~35	on	none	2026now	False	False	8296	145	9	-0.0611	-0.1462	0.0851	-0.0033	0.0624	1.0287	0.3337	0.7778	-4.1983	-10.0925	-1.7286	-10.1782	5.2463	48.0342	0.0589	0.8674	0.0000	0.0001	
False	5~35	on	none	all4	False	False	34362	881	46	-0.1080	-0.1249	0.0169	-0.0548	0.0075	0.3224	0.7487	0.4783	-4.0874	-10.0648	-1.6593		6.3835		0.0589	0.8199	0.0000		0.9150
False	5~35	on	2.5	2020covid	False	False	12644	245	12	-0.1426	-0.1191	-0.0235	-0.0388	-0.0299	-3.3425	0.0066	0.1667	-3.1083	-4.5633	-1.6509	-10.5745	1.3803	182.5744	0.1144	0.3606	0.6394	0.0000	
False	5~35	on	2.5	2022bear	False	True	5076	246	12	-0.1404	-0.1145	-0.0259	-0.0384	-0.0310	-2.4154	0.0343	0.2500	-3.0546	-4.6671	-1.5723	-9.9114	1.5888	158.6053	0.1146	0.3617	0.6377	0.0000	
False	5~35	on	2.5	2024blackmon	False	False	8346	245	13	-0.1495	-0.1230	-0.0266	-0.0346	-0.0243	-2.2181	0.0466	0.3077	-3.1536	-4.7619	-1.6618	-11.5215	1.4980	168.2284	0.1157	0.3480	0.6470	0.0000	
False	5~35	on	2.5	2026now	False	False	8296	145	9	-0.1598	-0.1670	0.0071	0.0429	0.0491	1.0898	0.3075	0.4444	-3.3823	-5.4828	-1.7286	-8.0039	1.2763	197.4492	0.1157	0.3381	0.6591	0.0000	
False	5~35	on	2.5	all4	False	False	34362	881	46	-0.1481	-0.1267	-0.0214	-0.0215	-0.0132	-1.2188	0.2293	0.2826	-3.1712	-4.8217	-1.6593		1.4146		0.1151	0.3523	0.6457		0.4736
False	5~35	on	6	2020covid	False	False	12644	245	12	-0.1278	-0.1058	-0.0220	-0.0569	-0.0308	-1.6200	0.1335	0.2500	-4.0000	-6.8401	-1.6509	-10.8298	2.4882	101.2774	0.0741	0.6208	0.3776	0.0000	
False	5~35	on	6	2022bear	False	True	5076	246	12	-0.1499	-0.1498	-0.0002	-0.0241	0.0015	0.0761	0.9407	0.5833	-4.1376	-6.9853	-1.5723	-10.8454	2.8745	87.6672	0.0737	0.6017	0.3936	0.0000	
False	5~35	on	6	2024blackmon	False	False	8346	245	13	-0.1478	-0.1425	-0.0053	-0.0318	-0.0088	-0.4401	0.6677	0.5385	-4.0978	-6.9641	-1.6618	-12.3893	2.5809	97.6412	0.0740	0.6009	0.3908	0.0000	
False	5~35	on	6	2026now	False	False	8296	145	9	-0.1434	-0.1731	0.0297	-0.0025	0.0145	0.3255	0.7532	0.5556	-4.1983	-7.3211	-1.7286	-9.7899	1.8912	133.2521	0.0737	0.6087	0.3884	0.0000	
False	5~35	on	6	all4	False	False	34362	881	46	-0.1397	-0.1392	-0.0004	-0.0306	-0.0073	-0.5857	0.5610	0.4783	-4.0874	-6.9871	-1.6593		2.4236		0.0739	0.6102	0.3858		0.8101
False	5~15	off	none	2020covid	False	False	14085	247	12	-0.0443	-0.0277	-0.0166	-0.0766	-0.0269	-0.9735	0.3512	0.4167	-3.8506	-9.3458	-1.5480	-11.8199	6.7193	37.5040	0.0632	0.8247	0.0000	0.0000	
False	5~15	off	none	2022bear	False	True	9013	246	12	-0.2976	-0.1978	-0.0998	-0.1165	-0.0531	-1.6567	0.1258	0.4167	-4.2614	-11.7647	-1.5656	-19.3054	7.9685	31.6246	0.0524	0.7380	0.0000	0.0000	
False	5~15	off	none	2024blackmon	False	False	9951	245	13	-0.1825	-0.1374	-0.0451	-0.0526	-0.0305	-1.0965	0.2944	0.4615	-4.2408	-10.9745	-1.6667	-13.5494	7.2606	34.7080	0.0569	0.7756	0.0000	0.0000	
False	5~15	off	none	2026now	False	False	6213	145	9	-0.0832	-0.1462	0.0630	-0.0052	0.0235	0.4948	0.6340	0.7778	-3.9899	-9.5910	-1.7058	-10.3879	5.3844	46.8023	0.0580	0.8590	0.0000	0.0000	
False	5~15	off	none	all4	False	False	39262	883	46	-0.1437	-0.1249	-0.0188	-0.0662	-0.0249	-1.5252	0.1342	0.5000	-4.0492	-10.3227	-1.6103		6.9320		0.0580	0.7978	0.0000		0.3691
False	5~15	off	2.5	2020covid	False	False	14085	247	12	-0.1296	-0.1191	-0.0105	-0.0229	-0.0186	-2.4007	0.0352	0.2500	-2.9753	-4.2857	-1.5480	-9.3746	1.4929	168.7949	0.1134	0.3776	0.6224	0.0000	
False	5~15	off	2.5	2022bear	False	True	9013	246	12	-0.1477	-0.1145	-0.0332	-0.0421	-0.0344	-3.3088	0.0070	0.1667	-3.0332	-4.4164	-1.5656	-10.2042	1.6322	154.3930	0.1146	0.3545	0.6448	0.0000	
False	5~15	off	2.5	2024blackmon	False	False	9951	245	13	-0.1523	-0.1230	-0.0293	-0.0337	-0.0262	-2.3070	0.0397	0.2308	-3.0968	-4.5021	-1.6667	-11.3102	1.5063	167.2995	0.1154	0.3466	0.6502	0.0000	
False	5~15	off	2.5	2026now	False	False	6213	145	9	-0.1507	-0.1670	0.0163	0.0253	0.0288	0.7319	0.4851	0.5556	-3.2301	-5.0812	-1.7058	-7.8537	1.3116	192.1311	0.1154	0.3485	0.6502	0.0000	
False	5~15	off	2.5	all4	False	False	39262	883	46	-0.1428	-0.1267	-0.0161	-0.0215	-0.0156	-1.6877	0.0984	0.2826	-3.0550	-4.4843	-1.6103		1.4996		0.1145	0.3598	0.6390		0.3608
False	5~15	off	6	2020covid	False	False	14085	247	12	-0.1150	-0.1058	-0.0092	-0.0284	-0.0055	-0.3866	0.7064	0.4167	-3.8506	-6.7227	-1.5480	-9.1193	2.8097	89.6907	0.0742	0.6325	0.3641	0.0000	
False	5~15	off	6	2022bear	False	True	9013	246	12	-0.1743	-0.1498	-0.0245	-0.0363	-0.0105	-0.5083	0.6213	0.4167	-4.2614	-6.9984	-1.5656	-11.6414	3.1061	81.1315	0.0728	0.5864	0.4075	0.0000	
False	5~15	off	6	2024blackmon	False	False	9951	245	13	-0.1643	-0.1425	-0.0219	-0.0387	-0.0209	-1.1400	0.2765	0.3077	-4.2408	-6.9313	-1.6667	-12.4454	2.7272	92.4037	0.0733	0.5916	0.4019	0.0000	
False	5~15	off	6	2026now	False	False	6213	145	9	-0.1114	-0.1731	0.0616	0.0145	0.0199	0.4823	0.6425	0.6667	-3.9899	-7.1031	-1.7058	-7.9550	2.0301	124.1319	0.0748	0.6309	0.3676	0.0000	
False	5~15	off	6	all4	False	False	39262	883	46	-0.1405	-0.1392	-0.0013	-0.0250	-0.0062	-0.5439	0.5892	0.4348	-4.0492	-6.8966	-1.6103		2.7334		0.0737	0.6113	0.3842		0.8101
False	5~15	on	none	2020covid	False	False	7025	236	12	-0.0782	-0.0277	-0.0505	-0.1331	-0.0136	-0.2394	0.8152	0.3333	-3.7618	-9.0738	-1.5259	-14.6712	7.0353	35.8194	0.0615	0.8135	0.0000	0.0000	
False	5~15	on	none	2022bear	False	True	3096	245	12	-0.2792	-0.1978	-0.0815	-0.1366	-0.0542	-0.8696	0.4031	0.4167	-3.9780	-11.3348	-1.4813	-20.5822	8.4599	29.7874	0.0539	0.7280	0.0000	0.0000	
False	5~15	on	none	2024blackmon	False	False	4873	244	13	-0.1439	-0.1374	-0.0065	-0.0038	0.0365	1.1508	0.2722	0.6154	-3.9430	-10.2534	-1.5209	-10.9354	7.6602	32.8974	0.0599	0.7673	0.0000	0.0000	
False	5~15	on	none	2026now	False	False	3822	145	9	-0.0274	-0.1462	0.1188	0.0062	0.0500	0.6865	0.5118	0.6667	-3.7428	-9.3000	-1.5338	-10.1364	5.5395	45.4914	0.0618	0.8603	0.0000	0.0000	
False	5~15	on	none	all4	False	False	18816	870	46	-0.1180	-0.1249	0.0069	-0.0702	0.0024	0.0884	0.9300	0.5000	-3.8217	-9.7964	-1.5182		7.1277		0.0597	0.7970	0.0000		0.9300
False	5~15	on	2.5	2020covid	False	False	7025	236	12	-0.1219	-0.1191	-0.0028	-0.0189	-0.0066	-0.7616	0.4623	0.1667	-2.9221	-4.1212	-1.5259	-9.2270	1.5604	161.4943	0.1134	0.3853	0.6147	0.0000	
False	5~15	on	2.5	2022bear	False	True	3096	245	12	-0.1362	-0.1145	-0.0217	-0.0346	-0.0189	-1.7150	0.1144	0.3333	-2.9130	-4.2000	-1.4813	-9.6012	1.8446	136.6122	0.1142	0.3676	0.6315	0.0000	
False	5~15	on	2.5	2024blackmon	False	False	4873	244	13	-0.1322	-0.1230	-0.0092	-0.0246	-0.0096	-0.6788	0.5101	0.3846	-2.9703	-4.2697	-1.5209	-10.1664	1.7193	146.5739	0.1152	0.3669	0.6265	0.0000	
False	5~15	on	2.5	2026now	False	False	3822	145	9	-0.1278	-0.1670	0.0392	0.0498	0.0527	1.1932	0.2670	0.6667	-3.0913	-4.7366	-1.5338	-7.2300	1.4035	179.5570	0.1148	0.3736	0.6243	0.0000	
False	5~15	on	2.5	all4	False	False	18816	870	46	-0.1281	-0.1267	-0.0014	-0.0112	0.0010	0.0906	0.9282	0.3696	-2.9634	-4.2857	-1.5182		1.6164		0.1143	0.3753	0.6224		0.9300
False	5~15	on	6	2020covid	False	False	7025	236	12	-0.1046	-0.1058	0.0012	-0.0358	0.0146	0.6817	0.5096	0.4167	-3.7618	-6.6384	-1.5259	-9.9951	3.0142	83.6033	0.0749	0.6370	0.3603	0.0000	
False	5~15	on	6	2022bear	False	True	3096	245	12	-0.1385	-0.1498	0.0112	-0.0096	0.0256	1.1215	0.2860	0.6667	-3.9780	-6.8039	-1.4813	-9.6543	3.5953	70.0918	0.0742	0.6079	0.3847	0.0000	
False	5~15	on	6	2024blackmon	False	False	4873	244	13	-0.1461	-0.1425	-0.0036	-0.0344	-0.0059	-0.2573	0.8013	0.5385	-3.9430	-6.8143	-1.5209	-11.7188	3.1746	79.3792	0.0742	0.6009	0.3876	0.0000	
False	5~15	on	6	2026now	False	False	3822	145	9	-0.0925	-0.1731	0.0806	0.0153	0.0335	0.7333	0.4843	0.6667	-3.7428	-6.9930	-1.5338	-8.1775	2.2046	114.3062	0.0756	0.6426	0.3550	0.0000	
False	5~15	on	6	all4	False	False	18816	870	46	-0.1185	-0.1392	0.0208	-0.0186	0.0154	1.1448	0.2583	0.5652	-3.8217	-6.7628	-1.5182		2.9869		0.0747	0.6240	0.3703		0.4736
True	5~35	off	none	2020covid	False	False	23720	248	12	-0.0442	-0.0229	-0.0213	-0.0779	-0.0274	-0.8517	0.4126	0.4167	-4.1096	-9.7005	-1.6946	-9.5153	6.2038	40.6206	0.0522	0.8377	0.0000	0.0000	
True	5~35	off	none	2022bear	False	True	13785	246	12	-0.3515	-0.2241	-0.1274	-0.1413	-0.0691	-2.2069	0.0495	0.1667	-4.3991	-11.8211	-1.6766	-21.5006	7.2729	34.6492	0.0456	0.7629	0.0000	0.0001	
True	5~35	off	none	2024blackmon	False	False	16485	245	13	-0.1987	-0.1377	-0.0610	-0.0770	-0.0482	-1.5877	0.1383	0.3077	-4.3478	-10.9636	-1.7995	-15.0613	6.5462	38.4957	0.0481	0.7987	0.0000	0.0000	
True	5~35	off	none	2026now	False	False	12481	145	9	-0.0522	-0.1371	0.0849	-0.0645	-0.0041	-0.0633	0.9511	0.5556	-4.4524	-10.6275	-1.8816	-11.9971	5.1917	48.5395	0.0428	0.8639	0.0000	0.0001	
True	5~35	off	none	all4	False	False	66471	884	46	-0.1477	-0.1294	-0.0183	-0.0916	-0.0396	-2.0969	0.0417	0.3478	-4.3000	-10.5732	-1.7493		6.3204		0.0478	0.8174	0.0000		
True	5~35	off	2.5	2020covid	False	False	23720	248	12	-0.0909	-0.0571	-0.0338	-0.0415	-0.0308	-3.1614	0.0091	0.1667	-3.1673	-4.7320	-1.6946	-6.4508	1.3505	186.5909	0.0998	0.3531	0.6469	0.0000	
True	5~35	off	2.5	2022bear	False	True	13785	246	12	-0.1133	-0.0870	-0.0263	-0.0313	-0.0187	-1.5343	0.1532	0.3333	-3.1847	-4.8423	-1.6766	-7.5327	1.4715	171.2507	0.1028	0.3437	0.6559	0.0000	
True	5~35	off	2.5	2024blackmon	False	False	16485	245	13	-0.1121	-0.0782	-0.0338	-0.0342	-0.0196	-1.6902	0.1168	0.3077	-3.2746	-4.9612	-1.7995	-8.5398	1.3625	184.9526	0.1013	0.3313	0.6661	0.0000	
True	5~35	off	2.5	2026now	False	False	12481	145	9	-0.0745	-0.0827	0.0082	0.0080	0.0260	0.8813	0.4038	0.6667	-3.5514	-5.8442	-1.8816	-4.3946	1.2210	206.3923	0.0928	0.3162	0.6819	0.0000	
True	5~35	off	2.5	all4	False	False	66471	884	46	-0.0977	-0.0755	-0.0222	-0.0271	-0.0134	-1.6569	0.1045	0.3478	-3.2609	-5.0000	-1.7493		1.3543		0.0993	0.3388	0.6601		
True	5~35	off	6	2020covid	False	False	23720	248	12	-0.0932	-0.0484	-0.0448	-0.0634	-0.0378	-1.9263	0.0803	0.2500	-4.1096	-6.9007	-1.6946	-7.9927	2.3878	105.5358	0.0643	0.6172	0.3808	0.0000	
True	5~35	off	6	2022bear	False	True	13785	246	12	-0.1809	-0.1386	-0.0423	-0.0506	-0.0216	-0.9422	0.3663	0.5000	-4.3991	-7.1429	-1.6766	-11.8176	2.6233	96.0627	0.0661	0.5802	0.4157	0.0000	
True	5~35	off	6	2024blackmon	False	False	16485	245	13	-0.1415	-0.1087	-0.0327	-0.0412	-0.0188	-1.0244	0.3259	0.3846	-4.3478	-7.0838	-1.7995	-11.0887	2.2934	109.8826	0.0646	0.5900	0.4053	0.0000	
True	5~35	off	6	2026now	False	False	12481	145	9	-0.0648	-0.1029	0.0382	-0.0302	-0.0079	-0.2371	0.8185	0.5556	-4.4524	-7.4672	-1.8816	-6.0372	1.7878	140.9524	0.0592	0.5947	0.4034	0.0000	
True	5~35	off	6	all4	False	False	66471	884	46	-0.1180	-0.0992	-0.0188	-0.0473	-0.0223	-2.0068	0.0508	0.4130	-4.3000	-7.0845	-1.7493		2.3006		0.0637	0.5985	0.3984		
True	5~35	on	none	2020covid	False	False	12644	245	12	-0.0408	-0.0229	-0.0179	-0.1021	-0.0333	-0.8101	0.4351	0.3333	-4.0000	-9.6224	-1.6509	-11.7893	6.4224	39.2376	0.0515	0.8306	0.0000	0.0000	
True	5~35	on	none	2022bear	False	True	5076	246	12	-0.3092	-0.2241	-0.0850	-0.1348	-0.0541	-0.7954	0.4432	0.4167	-4.1376	-11.2566	-1.5723	-21.6202	7.4736	33.7187	0.0457	0.7593	0.0000	0.0000	
True	5~35	on	none	2024blackmon	False	False	8346	245	13	-0.1282	-0.1377	0.0094	0.0125	0.0586	1.5319	0.1515	0.6923	-4.0978	-10.3052	-1.6618	-10.0065	6.7920	37.1025	0.0505	0.7936	0.0000	0.0000	
True	5~35	on	none	2026now	False	False	8296	145	9	0.0412	-0.1371	0.1783	-0.0077	0.0912	1.0584	0.3208	0.7778	-4.1983	-10.0925	-1.7286	-11.2583	5.2463	48.0342	0.0449	0.8674	0.0000	0.0001	
True	5~35	on	none	all4	False	False	34362	881	46	-0.0819	-0.1294	0.0476	-0.0598	0.0116	0.3976	0.6928	0.5435	-4.0874	-10.0648	-1.6593		6.3835		0.0486	0.8199	0.0000		
True	5~35	on	2.5	2020covid	False	False	12644	245	12	-0.0772	-0.0571	-0.0201	-0.0348	-0.0105	-1.1236	0.2851	0.3333	-3.1083	-4.5633	-1.6509	-6.1292	1.3803	182.5744	0.0985	0.3606	0.6394	0.0000	
True	5~35	on	2.5	2022bear	False	True	5076	246	12	-0.0853	-0.0870	0.0017	-0.0088	0.0075	0.7693	0.4579	0.6667	-3.0546	-4.6671	-1.5723	-6.0035	1.5888	158.6053	0.1006	0.3617	0.6377	0.0000	
True	5~35	on	2.5	2024blackmon	False	False	8346	245	13	-0.0957	-0.0782	-0.0175	-0.0185	-0.0018	-0.0897	0.9300	0.6154	-3.1536	-4.7619	-1.6618	-8.0544	1.4980	168.2284	0.1016	0.3480	0.6470	0.0000	
True	5~35	on	2.5	2026now	False	False	8296	145	9	-0.0510	-0.0827	0.0316	0.0406	0.0585	2.0380	0.0759	0.7778	-3.3823	-5.4828	-1.7286	-3.7498	1.2763	197.4492	0.0921	0.3381	0.6591	0.0000	
True	5~35	on	2.5	all4	False	False	34362	881	46	-0.0766	-0.0755	-0.0011	-0.0087	0.0102	1.1110	0.2725	0.5870	-3.1712	-4.8217	-1.6593		1.4146		0.0979	0.3523	0.6457		
True	5~35	on	6	2020covid	False	False	12644	245	12	-0.0754	-0.0484	-0.0270	-0.0580	-0.0163	-0.7303	0.4805	0.4167	-4.0000	-6.8401	-1.6509	-7.9694	2.4882	101.2774	0.0643	0.6208	0.3776	0.0000	
True	5~35	on	6	2022bear	False	True	5076	246	12	-0.1228	-0.1386	0.0159	-0.0112	0.0252	1.3373	0.2081	0.7500	-4.1376	-6.9853	-1.5723	-9.0563	2.8745	87.6672	0.0664	0.6017	0.3936	0.0000	
True	5~35	on	6	2024blackmon	False	False	8346	245	13	-0.1131	-0.1087	-0.0044	-0.0185	0.0110	0.4051	0.6925	0.6154	-4.0978	-6.9641	-1.6618	-10.1034	2.5809	97.6412	0.0657	0.6009	0.3908	0.0000	
True	5~35	on	6	2026now	False	False	8296	145	9	-0.0314	-0.1029	0.0716	-0.0122	0.0229	0.5378	0.6054	0.7778	-4.1983	-7.3211	-1.7286	-6.3629	1.8912	133.2521	0.0595	0.6087	0.3884	0.0000	
True	5~35	on	6	all4	False	False	34362	881	46	-0.0809	-0.0992	0.0183	-0.0256	0.0099	0.7393	0.4636	0.6304	-4.0874	-6.9871	-1.6593		2.4236		0.0637	0.6102	0.3858		
True	5~15	off	none	2020covid	False	False	14085	247	12	-0.0352	-0.0229	-0.0123	-0.0865	-0.0297	-0.9884	0.3442	0.2500	-3.8506	-9.3458	-1.5480	-12.5871	6.7193	37.5040	0.0539	0.8247	0.0000	0.0000	
True	5~15	off	none	2022bear	False	True	9013	246	12	-0.3353	-0.2241	-0.1111	-0.1268	-0.0610	-1.8356	0.0936	0.2500	-4.2614	-11.7647	-1.5656	-20.9649	7.9685	31.6246	0.0479	0.7380	0.0000	0.0000	
True	5~15	off	none	2024blackmon	False	False	9951	245	13	-0.1866	-0.1377	-0.0489	-0.0527	-0.0221	-0.7163	0.4875	0.5385	-4.2408	-10.9745	-1.6667	-13.9779	7.2606	34.7080	0.0499	0.7756	0.0000	0.0000	
True	5~15	off	none	2026now	False	False	6213	145	9	-0.0128	-0.1371	0.1243	-0.0323	0.0223	0.3106	0.7640	0.6667	-3.9899	-9.5910	-1.7058	-11.8404	5.3844	46.8023	0.0458	0.8590	0.0000	0.0000	
True	5~15	off	none	all4	False	False	39262	883	46	-0.1389	-0.1294	-0.0095	-0.0769	-0.0255	-1.2840	0.2057	0.4130	-4.0492	-10.3227	-1.6103		6.9320		0.0500	0.7978	0.0000		
True	5~15	off	2.5	2020covid	False	False	14085	247	12	-0.0817	-0.0571	-0.0246	-0.0328	-0.0188	-2.6659	0.0220	0.1667	-2.9753	-4.2857	-1.5480	-5.8920	1.4929	168.7949	0.1011	0.3776	0.6224	0.0000	
True	5~15	off	2.5	2022bear	False	True	9013	246	12	-0.1184	-0.0870	-0.0314	-0.0395	-0.0265	-2.0000	0.0708	0.2500	-3.0332	-4.4164	-1.5656	-7.9849	1.6322	154.3930	0.1056	0.3545	0.6448	0.0000	
True	5~15	off	2.5	2024blackmon	False	False	9951	245	13	-0.1109	-0.0782	-0.0326	-0.0381	-0.0213	-1.5009	0.1592	0.3077	-3.0968	-4.5021	-1.6667	-8.4219	1.5063	167.2995	0.1035	0.3466	0.6502	0.0000	
True	5~15	off	2.5	2026now	False	False	6213	145	9	-0.0582	-0.0827	0.0245	0.0113	0.0253	0.7617	0.4681	0.6667	-3.2301	-5.0812	-1.7058	-4.4366	1.3116	192.1311	0.0944	0.3485	0.6502	0.0000	
True	5~15	off	2.5	all4	False	False	39262	883	46	-0.0938	-0.0755	-0.0183	-0.0274	-0.0129	-1.4777	0.1465	0.3261	-3.0550	-4.4843	-1.6103		1.4996		0.1015	0.3598	0.6390		
True	5~15	off	6	2020covid	False	False	14085	247	12	-0.0763	-0.0484	-0.0280	-0.0473	-0.0143	-0.8076	0.4364	0.3333	-3.8506	-6.7227	-1.5480	-7.3626	2.8097	89.6907	0.0660	0.6325	0.3641	0.0000	
True	5~15	off	6	2022bear	False	True	9013	246	12	-0.1788	-0.1386	-0.0401	-0.0513	-0.0217	-0.9076	0.3835	0.3333	-4.2614	-6.9984	-1.5656	-11.7329	3.1061	81.1315	0.0680	0.5864	0.4075	0.0000	
True	5~15	off	6	2024blackmon	False	False	9951	245	13	-0.1384	-0.1087	-0.0297	-0.0422	-0.0150	-0.7229	0.4836	0.3846	-4.2408	-6.9313	-1.6667	-10.6347	2.7272	92.4037	0.0657	0.5916	0.4019	0.0000	
True	5~15	off	6	2026now	False	False	6213	145	9	-0.0222	-0.1029	0.0807	-0.0162	0.0039	0.0824	0.9364	0.6667	-3.9899	-7.1031	-1.7058	-5.6782	2.0301	124.1319	0.0616	0.6309	0.3676	0.0000	
True	5~15	off	6	all4	False	False	39262	883	46	-0.1070	-0.0992	-0.0079	-0.0408	-0.0129	-0.9906	0.3272	0.4130	-4.0492	-6.8966	-1.6103		2.7334		0.0656	0.6113	0.3842		
True	5~15	on	none	2020covid	False	False	7025	236	12	-0.0354	-0.0229	-0.0125	-0.1254	0.0059	0.1056	0.9178	0.3333	-3.7618	-9.0738	-1.5259	-16.3802	7.0353	35.8194	0.0528	0.8135	0.0000	0.0000	
True	5~15	on	none	2022bear	False	True	3096	245	12	-0.2952	-0.2241	-0.0711	-0.1379	-0.0517	-0.7064	0.4946	0.4167	-3.9780	-11.3348	-1.4813	-22.2564	8.4599	29.7874	0.0503	0.7280	0.0000	0.0000	
True	5~15	on	none	2024blackmon	False	False	4873	244	13	-0.1215	-0.1377	0.0162	0.0309	0.0778	1.8997	0.0818	0.7692	-3.9430	-10.2534	-1.5209	-9.3798	7.6602	32.8974	0.0536	0.7673	0.0000	0.0000	
True	5~15	on	none	2026now	False	False	3822	145	9	0.0783	-0.1371	0.2154	-0.0035	0.0802	0.8686	0.4104	0.6667	-3.7428	-9.3000	-1.5338	-11.3238	5.5395	45.4914	0.0487	0.8603	0.0000	0.0000	
True	5~15	on	none	all4	False	False	18816	870	46	-0.0774	-0.1294	0.0521	-0.0606	0.0257	0.8010	0.4273	0.5435	-3.8217	-9.7964	-1.5182		7.1277		0.0517	0.7970	0.0000		
True	5~15	on	2.5	2020covid	False	False	7025	236	12	-0.0683	-0.0571	-0.0112	-0.0310	-0.0102	-0.7625	0.4618	0.2500	-2.9221	-4.1212	-1.5259	-6.0889	1.5604	161.4943	0.1001	0.3853	0.6147	0.0000	
True	5~15	on	2.5	2022bear	False	True	3096	245	12	-0.1124	-0.0870	-0.0253	-0.0419	-0.0186	-1.6236	0.1327	0.2500	-2.9130	-4.2000	-1.4813	-8.0503	1.8446	136.6122	0.1069	0.3676	0.6315	0.0000	
True	5~15	on	2.5	2024blackmon	False	False	4873	244	13	-0.0968	-0.0782	-0.0185	-0.0312	-0.0107	-0.6481	0.5291	0.3846	-2.9703	-4.2697	-1.5209	-7.8633	1.7193	146.5739	0.1051	0.3669	0.6265	0.0000	
True	5~15	on	2.5	2026now	False	False	3822	145	9	-0.0417	-0.0827	0.0410	0.0175	0.0315	1.0173	0.3388	0.6667	-3.0913	-4.7366	-1.5338	-4.4253	1.4035	179.5570	0.0953	0.3736	0.6243	0.0000	
True	5~15	on	2.5	all4	False	False	18816	870	46	-0.0775	-0.0755	-0.0020	-0.0244	-0.0044	-0.4867	0.6288	0.3696	-2.9634	-4.2857	-1.5182		1.6164		0.1014	0.3753	0.6224		
True	5~15	on	6	2020covid	False	False	7025	236	12	-0.0525	-0.0484	-0.0041	-0.0480	0.0118	0.4491	0.6621	0.5000	-3.7618	-6.6384	-1.5259	-8.0540	3.0142	83.6033	0.0661	0.6370	0.3603	0.0000	
True	5~15	on	6	2022bear	False	True	3096	245	12	-0.1390	-0.1386	-0.0003	-0.0291	0.0155	0.5810	0.5730	0.6667	-3.9780	-6.8039	-1.4813	-9.9062	3.5953	70.0918	0.0704	0.6079	0.3847	0.0000	
True	5~15	on	6	2024blackmon	False	False	4873	244	13	-0.1168	-0.1087	-0.0081	-0.0291	0.0077	0.3344	0.7438	0.5385	-3.9430	-6.8143	-1.5209	-9.5593	3.1746	79.3792	0.0675	0.6009	0.3876	0.0000	
True	5~15	on	6	2026now	False	False	3822	145	9	0.0009	-0.1029	0.1038	-0.0291	0.0104	0.2175	0.8333	0.6667	-3.7428	-6.9930	-1.5338	-6.8544	2.2046	114.3062	0.0628	0.6426	0.3550	0.0000	
True	5~15	on	6	all4	False	False	18816	870	46	-0.0725	-0.0992	0.0266	-0.0340	0.0113	0.7841	0.4371	0.5870	-3.8217	-6.7628	-1.5182		2.9869		0.0664	0.6240	0.3703		
