variant	buys	net_pct	gross_pct	net_total_man	months_pos	months	worst_month_man	zone_exit_share	stop_share	tp_share	held_mean	held_p90
z_lo3_up3_tp3	157	0.1950	0.4259	14.6066	7	13	-10.6140	0.5860	0.0255	0.3567	3.3961	6.7000
z_lo3_up3_tp5	133	0.2392	0.4702	15.1967	7	13	-15.9525	0.7895	0.0301	0.1429	3.3727	7.0000
z_lo3_up3_tp6	132	0.2795	0.5106	17.6232	7	13	-15.9525	0.8712	0.0303	0.0606	3.3913	7.0000
z_lo3_up5_tp3	209	0.5563	0.7880	55.1853	7	13	-12.4572	0.5167	0.0335	0.4163	4.2988	8.0000
z_lo3_up5_tp5	172	0.7239	0.9559	59.1759	7	13	-16.1325	0.7151	0.0407	0.2035	4.2824	8.0000
z_lo3_up5_tp6	167	0.6831	0.9151	54.2869	7	13	-21.0361	0.7844	0.0359	0.1377	4.3000	8.0000
z_lo5_up3_tp3	157	0.1950	0.4259	14.6066	7	13	-10.6140	0.5796	0.0318	0.3567	3.3961	6.7000
z_lo5_up3_tp5	133	0.2392	0.4702	15.1967	7	13	-15.9525	0.7820	0.0376	0.1429	3.3727	7.0000
z_lo5_up3_tp6	132	0.2795	0.5106	17.6232	7	13	-15.9525	0.8636	0.0379	0.0606	3.3913	7.0000
z_lo5_up5_tp3	209	0.5563	0.7880	55.1853	7	13	-12.4572	0.5120	0.0383	0.4163	4.2988	8.0000
z_lo5_up5_tp5	172	0.7239	0.9559	59.1759	7	13	-16.1325	0.7093	0.0465	0.2035	4.2824	8.0000
z_lo5_up5_tp6	167	0.6831	0.9151	54.2869	7	13	-21.0361	0.7725	0.0479	0.1377	4.3000	8.0000
z_lo8_up3_tp3	157	0.1950	0.4259	14.6066	7	13	-10.6140	0.5796	0.0318	0.3567	3.3961	6.7000
z_lo8_up3_tp5	133	0.2392	0.4702	15.1967	7	13	-15.9525	0.7820	0.0376	0.1429	3.3727	7.0000
z_lo8_up3_tp6	132	0.2795	0.5106	17.6232	7	13	-15.9525	0.8636	0.0379	0.0606	3.3913	7.0000
z_lo8_up5_tp3	209	0.5563	0.7880	55.1853	7	13	-12.4572	0.5120	0.0383	0.4163	4.2988	8.0000
z_lo8_up5_tp5	172	0.7239	0.9559	59.1759	7	13	-16.1325	0.7093	0.0465	0.2035	4.2824	8.0000
z_lo8_up5_tp6	167	0.6831	0.9151	54.2869	7	13	-21.0361	0.7725	0.0479	0.1377	4.3000	8.0000
ref_lo8_up5_tp5_narrowhold	201	0.3939	0.6253	37.6800	7	13	-16.0525	0.8856	0.0299	0.0498	4.2143	8.0000
ref_d111_fine_take3_stop6.5_atr4.5	539	0.2050	0.4359	231.2278	7	13	-202.2363	0.7328	0.0464	0.1985	7.3264	14.0000
