variant	front_buys	front_net_pct	front_net_man	back_buys	back_net_pct	back_net_man	front_rank_pct	back_rank_pct	front_rank_man	back_rank_man
z_lo3_up3_tp3	123	0.1798	10.5226	34	0.2495	4.0839	11	17	11	17
z_lo3_up3_tp5	105	0.1042	5.2192	28	0.7426	9.9775	17	8	17	11
z_lo3_up3_tp6	104	0.1483	7.3613	28	0.7637	10.2619	14	2	14	8
z_lo3_up5_tp3	167	0.5917	46.8045	42	0.4170	8.3807	8	14	5	14
z_lo3_up5_tp5	138	0.7210	47.1763	34	0.7355	11.9996	2	11	2	2
z_lo3_up5_tp6	134	0.6663	42.3973	33	0.7506	11.8896	5	5	8	5
z_lo5_up3_tp3	123	0.1798	10.5226	34	0.2495	4.0839	11	17	11	17
z_lo5_up3_tp5	105	0.1042	5.2192	28	0.7426	9.9775	17	8	17	11
z_lo5_up3_tp6	104	0.1483	7.3613	28	0.7637	10.2619	14	2	14	8
z_lo5_up5_tp3	167	0.5917	46.8045	42	0.4170	8.3807	8	14	5	14
z_lo5_up5_tp5	138	0.7210	47.1763	34	0.7355	11.9996	2	11	2	2
z_lo5_up5_tp6	134	0.6663	42.3973	33	0.7506	11.8896	5	5	8	5
z_lo8_up3_tp3	123	0.1798	10.5226	34	0.2495	4.0839	11	17	11	17
z_lo8_up3_tp5	105	0.1042	5.2192	28	0.7426	9.9775	17	8	17	11
z_lo8_up3_tp6	104	0.1483	7.3613	28	0.7637	10.2619	14	2	14	8
z_lo8_up5_tp3	167	0.5917	46.8045	42	0.4170	8.3807	8	14	5	14
z_lo8_up5_tp5	138	0.7210	47.1763	34	0.7355	11.9996	2	11	2	2
z_lo8_up5_tp6	134	0.6663	42.3973	33	0.7506	11.8896	5	5	8	5
