period	date	code	rank	gain_0930	value_0930	prev_close	factor	minute_source	regime_score_open	machine_end	armed_hhmm	signal_hhmm	cpp_stop_too_wide	fill	fill_hhmm	entry	stop	exit_hhmm	exit_reason	net_bp	net_r
development	20250918	066570	1	0.061617	109122548750.000000	77900.000000	1.000000	study	0.000000	late											
development	20250918	108490	2	0.102389	97072229393.000000	101058.655493	1.026887	shared	0.000000	late											
development	20250918	450140	3	0.153313	68454541950.000000	12980.000000	1.000000	study	0.000000	signal	950.000000	954.000000	False	filled	955.000000	14250.000000	13970.000000	1000.000000	stop	-233.073684	-1.186179
development	20250918	090360	4	0.198529	62938149550.000000	34000.000000	1.000000	study	0.000000	late											
development	20250918	376930	5	0.064997	58985310437.000000	16757.798719	0.216033	study	0.000000	vi											
development	20250918	077360	6	0.137083	40154119110.000000	5690.000000	1.000000	study	0.000000	late											
development	20250918	215100	7	0.077882	33605479210.000000	6420.000000	1.000000	shared	0.000000	late											
development	20250918	380550	8	0.060870	26369649790.000000	16100.000000	1.000000	study	0.000000	late											
development	20250918	270660	9	0.125812	21305611120.000000	16930.000000	1.000000	study	0.000000	late											
development	20250918	062970	10	0.167564	10627556651.000000	3772.811884	0.885833	study	0.000000	late											
development	20250919	064260	1	0.176535	249199347500.000000	9120.000000	1.000000	shared	3.000000	late											
development	20250919	064350	2	0.080569	99602680000.000000	211000.000000	1.000000	shared	3.000000	late											
development	20250919	008770	3	0.064151	62607332200.000000	53000.000000	1.000000	study	3.000000	late											
development	20250919	062970	4	0.088535	57278333870.000000	4902.000000	0.885833	study	3.000000	late											
development	20250919	476060	5	0.077248	47974933204.000000	10188.000000	4.000300	study	3.000000	below_vwap	944.000000										
development	20250919	201490	6	0.117745	43359464640.000000	6030.000000	1.000000	study	3.000000	signal	936.000000	939.000000	False	filled	940.000000	6740.000000	6540.000000	949.000000	stop	-348.707715	-1.175145
development	20250919	403870	7	0.078431	35527664250.000000	30600.000000	1.000000	shared	3.000000	timeout	1310.000000										
development	20250919	128940	8	0.079699	21392319500.000000	332500.000000	1.000000	shared	3.000000	late											
development	20250919	462860	9	0.116228	19813723690.000000	4560.000000	1.000000	study	3.000000	below_vwap	1049.000000										
development	20250919	036540	10	0.102804	17488424600.000000	3745.000000	1.000000	study	3.000000	vi											
development	20250922	196170	1	0.077249	270583355304.000000	363566.000000	1.299629	shared	4.000000	late											
development	20250922	105840	2	0.088161	67235976440.000000	11910.000000	1.000000	study	4.000000	vi											
development	20250922	454910	3	0.079819	63800117100.000000	66400.000000	1.000000	shared	4.000000	late											
development	20250922	011070	4	0.092351	53977034800.000000	176500.000000	1.000000	shared	4.000000	late											
development	20250922	000250	5	0.116740	50180732500.000000	227000.000000	1.000000	shared	4.000000	vi											
development	20250922	380550	6	0.094317	47668211950.000000	16540.000000	1.000000	study	4.000000	late											
development	20250922	332570	7	0.081600	42863582290.000000	6250.000000	1.000000	shared	4.000000	signal	1133.000000	1140.000000	False	filled	1141.000000	6860.000000	6740.000000	1200.000000	stop	-226.642857	-1.295642
development	20250922	356680	8	0.067308	33102873940.000000	8320.000000	1.000000	study	4.000000	late											
development	20250922	099440	9	0.132775	30954848180.000000	4180.000000	1.000000	study	4.000000	late											
development	20250922	062970	10	0.103631	30402847623.000000	4902.000000	0.885833	study	4.000000	vi											
development	20250923	125490	1	0.194602	125041628445.000000	7040.000000	1.000000	study	0.000000	vi											
development	20250923	397030	2	0.126374	78175881150.000000	27300.000000	1.000000	shared	0.000000	late											
development	20250923	032820	3	0.076736	55498197335.000000	4105.000000	1.000000	shared	0.000000	signal	955.000000	957.000000	False	filled	958.000000	4360.000000	4315.000000	1003.000000	stop	-148.875573	-1.442439
development	20250923	105840	4	0.116743	53575305970.000000	13020.000000	1.000000	shared	0.000000	late											
development	20250923	450140	5	0.161776	50194714050.000000	12610.000000	1.000000	study	0.000000	vi											
development	20250923	039980	6	0.138707	43636778114.000000	12083.000000	0.199878	study	0.000000	late											
development	20250923	463020	7	0.093694	34576967950.000000	27750.000000	1.000000	study	0.000000	below_vwap	1219.000000										
development	20250923	128940	8	0.073770	32169205500.000000	366000.000000	1.000000	shared	0.000000	late											
development	20250923	103590	9	0.065527	29629697250.000000	35100.000000	1.000000	study	0.000000	late											
development	20250923	226590	10	0.070258	21579941650.000000	21350.000000	1.000000	study	0.000000	vi											
development	20250924	466100	1	0.109770	163973195239.000000	27184.000000	1.055767	shared	-2.000000	vi											
development	20250924	488280	2	0.146465	134262671150.000000	29700.000000	1.000000	study	-2.000000	late											
development	20250924	032820	3	0.102653	107915303266.000000	4335.000000	1.000000	shared	-2.000000	below_vwap	1014.000000										
development	20250924	030530	4	0.084252	58469868470.000000	12700.000000	1.000000	shared	-2.000000	late											
development	20250924	009520	5	0.138122	28308119890.000000	12670.000000	1.000000	study	-2.000000	late											
development	20250924	448900	6	0.094769	23614648390.000000	16250.000000	1.000000	shared	-2.000000	signal	951.000000	952.000000	False	filled	953.000000	17790.000000	17390.000000	1006.000000	stop	-258.580101	-1.150035
development	20250924	459510	7	0.080169	22806880550.000000	23700.000000	1.000000	shared	-2.000000	signal	936.000000	942.000000	False	filled	943.000000	25350.000000	24900.000000	946.000000	stop	-239.496055	-1.349161
development	20250924	119850	8	0.070400	19942357050.000000	31250.000000	1.000000	study	-2.000000	late											
development	20250924	014620	9	0.086342	15752260950.000000	31850.000000	1.000000	study	-2.000000	late											
development	20250924	373110	10	0.124633	10435514468.000000	2728.000000	1.134795	study	-2.000000	vi											
development	20250925	437730	1	0.114155	89406449750.000000	21900.000000	1.000000	shared	0.000000	late											
development	20250925	277810	2	0.068143	58429771500.000000	293500.000000	1.000000	shared	0.000000	late											
development	20250925	450140	3	0.097561	55634649150.000000	15170.000000	1.000000	study	0.000000	vi											
development	20250925	333430	4	0.100765	45552685710.000000	7840.000000	1.000000	shared	0.000000	vi											
development	20250925	445680	5	0.182119	31582124400.000000	60400.000000	1.000000	shared	0.000000	late											
development	20250925	101670	6	0.093220	25719738565.000000	2360.000000	1.000000	study	0.000000	late											
development	20250925	263750	7	0.084425	15159542050.000000	34350.000000	1.000000	study	0.000000	signal	947.000000	950.000000	False	filled	951.000000	36950.000000	36550.000000	1223.000000	stop	-158.027064	-1.459775
development	20250925	317120	8	0.132678	14562626819.000000	2035.000000	1.000000	study	0.000000	late											
development	20250925	476040	9	0.104965	13761856650.000000	35250.000000	1.000000	study	0.000000	below_vwap	950.000000										
development	20250925	071090	10	0.096659	13061124405.000000	4190.000000	1.000000	study	0.000000	late											
development	20250926	060250	1	0.075888	103469038455.000000	18580.000000	1.000000	study	-3.000000	signal	938.000000	940.000000	False	filled	941.000000	19470.000000	19110.000000	1510.000000	time	243.503338	1.316947
development	20250926	199480	2	0.143705	76476698210.000000	8420.000000	1.000000	study	-3.000000	signal	940.000000	945.000000	False	filled	946.000000	9220.000000	9080.000000	957.000000	stop	-196.162690	-1.291871
development	20250926	450140	3	0.150273	64821299250.000000	18300.000000	1.000000	shared	-3.000000	late											
development	20250926	270660	4	0.113549	33113714330.000000	18230.000000	1.000000	shared	-3.000000	late											
development	20250926	234340	5	0.062703	23993209280.000000	18500.000000	1.000000	study	-3.000000	signal	933.000000	936.000000	False	filled	937.000000	19350.000000	19060.000000	938.000000	stop	-182.862274	-1.220133
development	20250926	366030	6	0.095672	14529568280.000000	4390.000000	1.000000	study	-3.000000	late											
development	20250926	001080	7	0.133929	12238239600.000000	3920.000000	10.000000	study	-3.000000	vi											
development	20250926	0010V0	8	0.064356	10738762800.000000	20200.000000	1.000000	study	-3.000000	signal	931.000000	934.000000	False	filled	935.000000	21350.000000	20900.000000	1510.000000	time	23.737705	0.112622
development	20250926	054920	9	0.081967	10709298485.000000	4880.000000	1.000000	study	-3.000000	signal	944.000000	950.000000	False	filled	951.000000	5210.000000	5080.000000	1121.000000	stop	-310.288868	-1.243542
development	20250926	109670	10	0.121951	9789291490.000000	7790.000000	1.000000	study	-3.000000	late											
development	20250929	035420	1	0.068226	330932488000.000000	256500.000000	1.000000	shared	4.000000	late											
development	20250929	041190	2	0.162376	75190039130.000000	10100.000000	1.000000	study	4.000000	late											
development	20250929	448900	3	0.192606	46754941530.000000	16770.000000	1.000000	study	4.000000	vi											
development	20250929	006800	4	0.063038	33449048347.000000	20511.964906	1.000000	shared	4.000000	late											
development	20250929	488280	5	0.083333	28454997200.000000	31800.000000	1.000000	study	4.000000	vi											
development	20250929	397030	6	0.097514	26814221150.000000	26150.000000	1.000000	shared	4.000000	late											
development	20250929	376900	7	0.076744	25547258750.000000	21500.000000	1.000000	shared	4.000000	below_vwap	935.000000										
development	20250929	003530	8	0.113422	23076014295.000000	5290.000000	1.000000	study	4.000000	late											
development	20250929	124500	9	0.125820	22853149880.000000	16770.000000	1.000000	study	4.000000	vi											
development	20250929	030530	10	0.060101	21515901670.000000	13810.000000	1.000000	shared	4.000000	signal	932.000000	936.000000	False	filled	937.000000	14480.000000	14270.000000	1338.000000	stop	-181.498273	-1.251474
development	20250930	456160	1	0.141817	189918470341.000000	69371.000000	2.998384	study	-1.000000	late											
development	20250930	097230	2	0.094595	79287039300.000000	25900.000000	1.000000	shared	-1.000000	timeout	1129.000000										
development	20250930	456010	3	0.082454	51466226230.000000	15160.000000	1.000000	shared	-1.000000	late											
development	20250930	380550	4	0.089776	47962037975.000000	20050.000000	1.000000	study	-1.000000	late											
development	20250930	376900	5	0.069565	39525666150.000000	23000.000000	1.000000	study	-1.000000	vi											
development	20250930	000230	6	0.061411	26272512430.000000	12050.000000	1.000000	study	-1.000000	signal	931.000000	932.000000	True	stop_too_wide							
development	20250930	170790	7	0.076029	18341463920.000000	11180.000000	1.000000	study	-1.000000	late											
development	20250930	489460	8	0.109148	18216614050.000000	15850.000000	1.000000	study	-1.000000	late											
development	20250930	440110	9	0.063830	12746264100.000000	21150.000000	1.000000	shared	-1.000000	signal	938.000000	939.000000	False	filled	940.000000	23000.000000	22600.000000	1003.000000	stop	-239.923913	-1.379563
development	20250930	082850	10	0.121145	12162880525.000000	11350.000000	0.200000	study	-1.000000	late											
development	20251001	082740	1	0.079065	142021974100.000000	44900.000000	1.000000	shared	0.000000	vi											
development	20251001	376900	2	0.063340	45264856850.000000	26050.000000	1.000000	study	0.000000	signal	944.000000	947.000000	False	filled	948.000000	27950.000000	27400.000000	1041.000000	stop	-255.058140	-1.296159
development	20251001	476040	3	0.072559	32429350400.000000	37900.000000	1.000000	study	0.000000	signal	938.000000	942.000000	False	filled	943.000000	40650.000000	40100.000000	945.000000	stop	-182.557811	-1.349268
development	20251001	356860	4	0.118474	19598191887.000000	24554.000000	2.097418	study	0.000000	vi											
development	20251001	222800	5	0.085082	19101502350.000000	42900.000000	1.000000	study	0.000000	late											
development	20251001	210980	6	0.133044	14815237871.000000	7614.000000	1.469854	study	0.000000	late											
development	20251001	003160	7	0.073295	13438122140.000000	15690.000000	1.000000	shared	0.000000	vi											
development	20251001	475960	8	0.094650	12372739900.000000	48600.000000	1.000000	shared	0.000000	below_vwap	936.000000										
development	20251001	039830	9	0.186321	11748098900.000000	21200.000000	1.000000	study	0.000000	late											
development	20251001	007810	10	0.070358	10642156540.000000	17340.000000	1.000000	study	0.000000	signal	938.000000	940.000000	False	filled	941.000000	18340.000000	18130.000000	1136.000000	stop	-148.139313	-1.293750
development	20251002	000660	1	0.098611	766828266000.000000	360000.000000	1.000000	shared	3.000000	late											
development	20251002	317450	2	0.068909	153579151850.000000	121900.000000	1.000000	study	3.000000	late											
development	20251002	042700	3	0.066386	151163073900.000000	94900.000000	1.000000	shared	3.000000	late											
development	20251002	007660	4	0.061281	51309871850.000000	71800.000000	1.000000	shared	3.000000	signal	1022.000000	1023.000000	False	filled	1024.000000	75500.000000	74700.000000	1035.000000	stop	-155.165563	-1.464375
development	20251002	402340	5	0.092457	42711923000.000000	205500.000000	1.000000	shared	3.000000	late											
development	20251002	463020	6	0.180085	35501797700.000000	23600.000000	1.000000	study	3.000000	vi											
development	20251002	077360	7	0.152623	29092218435.000000	6290.000000	1.000000	shared	3.000000	vi											
development	20251002	222800	8	0.073996	25160684700.000000	47300.000000	1.000000	shared	3.000000	late											
development	20251002	380550	9	0.068896	24086095065.000000	19740.000000	1.000000	study	3.000000	late											
development	20251002	234030	10	0.114286	24006165870.000000	9450.000000	1.000000	study	3.000000	late											
development	20251010	000660	1	0.074589	799113844000.000000	395500.000000	1.000000	shared	1.000000	late											
development	20251010	035420	2	0.071146	368546118000.000000	253000.000000	1.000000	shared	1.000000	signal	952.000000	1000.000000	False	filled	1001.000000	269000.000000	265000.000000	1351.000000	stop	-208.473978	-1.401987
development	20251010	042700	3	0.085487	96569817500.000000	100600.000000	1.000000	shared	1.000000	late											
development	20251010	353200	4	0.192182	90697936500.000000	30700.000000	1.000000	shared	1.000000	late											
development	20251010	466100	5	0.142107	76668847089.000000	26663.000000	1.055768	study	1.000000	late											
development	20251010	080220	6	0.122302	38190440650.000000	20850.000000	1.000000	shared	1.000000	late											
development	20251010	226950	7	0.062159	33325431500.000000	91700.000000	1.000000	shared	1.000000	signal	1112.000000	1122.000000	False	filled	1123.000000	96500.000000	94700.000000	1510.000000	time	-85.042487	-0.455922
development	20251010	124500	8	0.133799	31881689430.000000	18610.000000	1.000000	study	1.000000	late											
development	20251010	032940	9	0.122449	30995793880.000000	7350.000000	1.000000	study	1.000000	late											
development	20251010	000990	10	0.064171	26480148300.000000	56100.000000	1.000000	shared	1.000000	late											
development	20251013	466100	1	0.065656	213177786318.000000	34620.000000	1.055768	study	-8.000000	signal	934.000000	935.000000	False	filled	936.000000	36277.358885	35519.163763	1510.000000	time	250.488631	1.198513
development	20251013	030530	2	0.082853	140643000050.000000	19070.000000	1.000000	shared	-8.000000	vi											
development	20251013	054540	3	0.136364	55992507290.000000	11440.000000	1.000000	study	-8.000000	vi											
development	20251013	010130	4	0.071503	22661659000.000000	965000.000000	1.000000	shared	-8.000000	signal	934.000000	938.000000	False	filled	939.000000	1067000.000000	1049000.000000	1510.000000	time	734.505623	4.353986
development	20251013	187660	5	0.169208	19541706235.000000	2754.000000	1.029729	study	-8.000000	late											
development	20251013	009520	6	0.109306	17362758570.000000	13540.000000	1.000000	study	-8.000000	late											
development	20251013	081150	7	0.104670	11956563030.000000	3105.000000	1.000000	study	-8.000000	late											
development	20251013	075970	8	0.175258	11756073243.000000	2425.000000	1.000000	study	-8.000000	vi											
development	20251013	101170	9	0.158348	10719895650.000000	5810.000000	1.000000	study	-8.000000	late											
development	20251013	285490	10	0.151365	7681902450.000000	20150.000000	1.000000	study	-8.000000	signal	1244.000000	1245.000000	False	filled	1246.000000	23400.000000	22900.000000	1314.000000	stop	-278.858974	-1.305060
development	20251014	466100	1	0.142305	227774087825.000000	37272.000000	1.055768	study	6.000000	vi											
development	20251014	007660	2	0.074932	83232839600.000000	73400.000000	1.000000	shared	6.000000	late											
development	20251014	125490	3	0.070455	82609730310.000000	8800.000000	1.000000	study	6.000000	late											
development	20251014	437730	4	0.104129	70269509550.000000	27850.000000	1.000000	shared	6.000000	late											
development	20251014	103590	5	0.087563	69726961075.000000	39400.000000	1.000000	study	6.000000	late											
development	20251014	010130	6	0.124892	48242046000.000000	1153000.000000	1.000000	shared	6.000000	vi											
development	20251014	381620	7	0.170247	46870987530.000000	12570.000000	1.000000	study	6.000000	late											
development	20251014	062040	8	0.069030	32455706500.000000	107200.000000	1.000000	shared	6.000000	signal	958.000000	1000.000000	False	filled	1001.000000	113200.000000	111800.000000	1028.000000	stop	-164.038869	-1.326371
development	20251014	397030	9	0.086758	22192831250.000000	32850.000000	1.000000	shared	6.000000	late											
development	20251014	090710	10	0.070621	20475192965.000000	3540.000000	1.000000	shared	6.000000	vi											
development	20251015	034020	1	0.072559	325921105850.000000	75800.000000	1.000000	shared	-3.000000	late											
development	20251015	207940	2	0.070107	130305167962.000000	1511481.000000	0.679466	shared	-3.000000	late											
development	20251015	032820	3	0.073054	64645303000.000000	4175.000000	1.000000	shared	-3.000000	late											
development	20251015	125490	4	0.096200	43936723490.000000	8420.000000	1.000000	study	-3.000000	late											
development	20251015	105840	5	0.080128	41598074900.000000	15600.000000	1.000000	shared	-3.000000	vi											
development	20251015	248170	6	0.128391	31666529200.000000	27650.000000	1.000000	study	-3.000000	vi											
development	20251015	006880	7	0.118911	30611157640.000000	6980.000000	1.000000	study	-3.000000	late											
development	20251015	160190	8	0.085185	29445424700.000000	54000.000000	1.000000	study	-3.000000	late											
development	20251015	455900	9	0.134503	28598093125.000000	25650.000000	1.000000	study	-3.000000	late											
development	20251015	000720	10	0.060764	27959728100.000000	57600.000000	1.000000	shared	-3.000000	late											
development	20251016	005380	1	0.085011	217692315250.000000	223500.000000	1.000000	shared	2.000000	late											
development	20251016	097230	2	0.078512	117348759950.000000	24200.000000	1.000000	shared	2.000000	below_vwap	1016.000000										
development	20251016	105840	3	0.160049	100463936540.000000	16370.000000	1.000000	shared	2.000000	late											
development	20251016	000270	4	0.069364	96233515950.000000	103800.000000	1.000000	shared	2.000000	late											
development	20251016	014940	5	0.084974	37810417430.000000	9650.000000	1.000000	study	2.000000	late											
development	20251016	247540	6	0.061495	37412123904.000000	123229.997612	1.000000	shared	2.000000	late											
development	20251016	455900	7	0.070492	36293369350.000000	30500.000000	1.000000	study	2.000000	late											
development	20251016	066970	8	0.077576	24215808800.000000	82500.000000	1.000000	shared	2.000000	late											
development	20251016	333430	9	0.119728	20751098280.000000	7350.000000	1.000000	study	2.000000	vi											
development	20251016	170030	10	0.147841	17881420780.000000	6020.000000	1.000000	study	2.000000	late											
development	20251017	086520	1	0.164645	187370592600.000000	57700.000000	1.000000	shared	-3.000000	vi											
development	20251017	090710	2	0.098204	117522091685.000000	4175.000000	1.000000	shared	-3.000000	late											
development	20251017	054540	3	0.087253	80747654940.000000	14670.000000	1.000000	study	-3.000000	late											
development	20251017	051910	4	0.081731	78917635750.000000	312000.000000	1.000000	shared	-3.000000	late											
development	20251017	437730	5	0.067736	77415463150.000000	28050.000000	1.000000	shared	-3.000000	late											
development	20251017	066970	6	0.080285	66582722900.000000	98400.000000	1.000000	shared	-3.000000	below_vwap	932.000000										
development	20251017	215100	7	0.128169	63982972160.000000	7100.000000	1.000000	study	-3.000000	late											
development	20251017	450140	8	0.182778	50363623460.000000	12310.000000	1.000000	shared	-3.000000	vi											
development	20251017	166090	9	0.147406	16992999800.000000	42400.000000	1.000000	study	-3.000000	late											
development	20251017	461030	10	0.135338	16475235110.000000	10640.000000	1.000000	study	-3.000000	late											
development	20251020	090710	1	0.129207	114539576554.000000	4605.000000	1.000000	shared	5.000000	late											
development	20251020	090360	2	0.080745	107060260000.000000	64400.000000	1.000000	shared	5.000000	vi											
development	20251020	014280	3	0.154908	81928195700.000000	6520.000000	1.000000	study	5.000000	vi											
development	20251020	030530	4	0.062640	40236547000.000000	22350.000000	1.000000	shared	5.000000	signal	932.000000	933.000000	False	filled	934.000000	24150.000000	23600.000000	1003.000000	stop	-291.572464	-1.280268
development	20251020	047770	5	0.179245	36709748025.000000	2650.000000	1.000000	study	5.000000	vi											
development	20251020	347850	6	0.077015	33611356075.000000	40290.987742	3.996024	shared	5.000000	late											
development	20251020	007390	7	0.158120	29420507700.000000	23400.000000	1.000000	study	5.000000	vi											
development	20251020	381620	8	0.114919	25562373470.000000	14880.000000	1.000000	shared	5.000000	late											
development	20251020	033340	9	0.141089	25335002442.000000	2020.000000	1.000000	study	5.000000	late											
development	20251020	042600	10	0.191919	23152361090.000000	12870.000000	1.000000	study	5.000000	late											
development	20251021	015760	1	0.065166	107480959500.000000	42200.000000	1.000000	shared	7.000000	late											
development	20251021	380550	2	0.115299	106043637250.000000	22550.000000	1.000000	study	7.000000	vi											
development	20251021	052690	3	0.142412	90983638900.000000	96200.000000	1.000000	study	7.000000	vi											
development	20251021	010620	4	0.069307	59871990000.000000	202000.000000	1.000000	shared	7.000000	late											
development	20251021	028300	5	0.128641	56666628700.000000	41200.000000	1.000000	shared	7.000000	late											
development	20251021	033530	6	0.148000	52822496975.000000	7500.000000	1.000000	study	7.000000	late											
development	20251021	000150	7	0.091413	44305607500.000000	722000.000000	1.000000	shared	7.000000	late											
development	20251021	005690	8	0.063699	36271684500.000000	13030.000000	1.000000	shared	7.000000	below_vwap	1014.000000										
development	20251021	000720	9	0.060071	31413522450.000000	56600.000000	1.000000	shared	7.000000	late											
development	20251021	060280	10	0.138940	29894098340.000000	10940.000000	1.000000	study	7.000000	late											
development	20251022	086520	1	0.119895	287269137150.000000	75900.000000	1.000000	shared	0.000000	late											
development	20251022	051910	2	0.075145	145817064250.000000	346000.000000	1.000000	shared	0.000000	vi											
development	20251022	413630	3	0.102750	66869776805.000000	3455.000000	1.000000	shared	0.000000	signal	1123.000000	1124.000000	False	filled	1125.000000	3905.000000	3795.000000	1146.000000	stop	-329.637644	-1.170214
development	20251022	456160	4	0.072941	35681663622.000000	53029.000000			0.000000	long_gap_or_30min_file											
development	20251022	488280	5	0.129534	23732010880.000000	19300.000000	1.000000	study	0.000000	signal	936.000000	939.000000	True	filled	940.000000	21700.000000	21050.000000	947.000000	stop	-367.879032	-1.228150
development	20251022	032960	6	0.153846	16451564150.000000	3068.000000	5.000000	study	0.000000	vi											
development	20251022	317690	7	0.161440	10821702345.000000	4305.000000	1.000000	study	0.000000	vi											
development	20251022	101670	8	0.072614	10250960870.000000	2410.000000	1.000000	study	0.000000	late											
development	20251022	290690	9	0.140527	7757849955.000000	3985.000000	1.000000	study	0.000000	signal	932.000000	936.000000	False	filled	937.000000	4430.000000	4310.000000	957.000000	stop	-315.822799	-1.165913
development	20251022	234920	10	0.171515	7712037260.000000	4985.000000	1.000000	study	0.000000	vi											
development	20251023	010120	1	0.116588	142313503250.000000	63900.000000	5.000000	shared	-6.000000	late											
development	20251023	092460	2	0.182782	74953590290.000000	16030.000000	1.000000	study	-6.000000	vi											
development	20251023	062040	3	0.064567	69122097400.000000	127000.000000	1.000000	shared	-6.000000	signal	935.000000	948.000000	False	filled	949.000000	133000.000000	131200.000000	1022.000000	stop	-173.052632	-1.278667
development	20251023	009520	4	0.089032	57612396400.000000	15500.000000	1.000000	study	-6.000000	late											
development	20251023	017510	5	0.182186	55995705110.000000	9880.000000	1.000000	study	-6.000000	late											
development	20251023	299170	6	0.126190	8191455470.000000	2100.000000	1.000000	study	-6.000000	below_vwap	1107.000000										
development	20251023	237880	7	0.062016	4132610970.000000	14190.000000	1.000000	study	-6.000000	vi											
development	20251024	103590	1	0.093785	111839610300.000000	44250.000000	1.000000	shared	6.000000	late											
development	20251024	090360	2	0.124260	108785046950.000000	67600.000000	1.000000	shared	6.000000	vi											
development	20251024	247540	3	0.062738	87064415865.000000	156890.986996	1.000000	shared	6.000000	late											
development	20251024	003670	4	0.088452	60385816250.000000	203500.000000	1.000000	shared	6.000000	vi											
development	20251024	066970	5	0.060739	51167776800.000000	113600.000000	1.000000	shared	6.000000	signal	957.000000	1002.000000	False	filled	1003.000000	121600.000000	119700.000000	1510.000000	time	937.102385	5.997455
development	20251024	096770	6	0.069880	47410387600.000000	124500.000000	1.000000	shared	6.000000	late											
development	20251024	298040	7	0.061588	43765000000.000000	1851000.000000	1.000000	shared	6.000000	late											
development	20251024	249420	8	0.106796	42064415025.000000	20600.000000	1.000000	shared	6.000000	late											
development	20251024	051980	9	0.164154	41050348020.000000	2985.000000	1.000000	study	6.000000	late											
development	20251024	161000	10	0.119318	39716971130.000000	10560.000000	1.000000	study	6.000000	vi											
development	20251027	097230	1	0.130742	239363176000.000000	28300.000000	1.000000	shared	7.000000	vi											
development	20251027	010140	2	0.116935	187844027200.000000	24800.000000	1.000000	shared	7.000000	late											
development	20251027	075580	3	0.081678	62821686025.000000	22650.000000	1.000000	shared	7.000000	signal	953.000000	956.000000	False	filled	957.000000	24550.000000	24100.000000	1010.000000	stop	-246.550916	-1.345072
development	20251027	347850	4	0.116959	59374321816.000000	42142.988274	3.996024	shared	7.000000	late											
development	20251027	329180	5	0.063973	58703777000.000000	594000.000000	1.000000	shared	7.000000	late											
development	20251027	093370	6	0.150633	46790425060.000000	7900.000000	1.000000	study	7.000000	late											
development	20251027	267250	7	0.145374	43431350000.000000	181600.000000	1.000000	shared	7.000000	late											
development	20251027	005690	8	0.075523	41513441040.000000	14830.000000	1.000000	shared	7.000000	signal	1018.000000	1020.000000	False	filled	1021.000000	16050.000000	15880.000000	1031.000000	stop	-141.125545	-1.332391
development	20251027	047770	9	0.093706	35639081255.000000	3575.000000	1.000000	study	7.000000	signal	1242.000000	1245.000000	False	filled	1246.000000	3910.000000	3860.000000	1440.000000	stop	-176.122762	-1.377280
development	20251027	402340	10	0.062731	30917774000.000000	271000.000000	1.000000	shared	7.000000	late											
development	20251028	011790	1	0.120673	106496840949.000000	105930.954273	1.063908	shared	3.000000	late											
development	20251028	005950	2	0.189578	63366214070.000000	11130.000000	1.000000	study	3.000000	vi											
development	20251028	161580	3	0.081250	38661969050.000000	40000.000000	1.000000	study	3.000000	late											
development	20251028	452450	4	0.067536	16201842170.000000	8440.000000	1.000000	study	3.000000	late											
development	20251028	222800	5	0.070326	14572831750.000000	58300.000000	1.000000	shared	3.000000	vi											
development	20251028	299170	6	0.083744	12991044305.000000	2030.000000	1.000000	study	3.000000	late											
development	20251028	318060	7	0.097826	12020114710.000000	10120.000000	1.000000	study	3.000000	signal	1052.000000	1055.000000	False	filled	1056.000000	11080.000000	10900.000000	1059.000000	stop	-203.117329	-1.250300
development	20251028	450140	8	0.098324	11755871180.000000	8950.000000	1.000000	shared	3.000000	vi											
development	20251028	009470	9	0.071221	10941658200.000000	34400.000000	1.000000	study	3.000000	signal	1140.000000	1141.000000	False	filled	1142.000000	38050.000000	37550.000000	1206.000000	stop	-180.348226	-1.372450
development	20251028	267320	10	0.065367	9475906060.000000	4360.000000	1.000000	study	3.000000	signal	933.000000	936.000000	False	filled	937.000000	4595.000000	4515.000000	946.000000	stop	-218.443961	-1.254688
development	20251029	034020	1	0.072917	414357003400.000000	86400.000000	1.000000	shared	2.000000	late											
development	20251029	000720	2	0.075472	149355464700.000000	68900.000000	1.000000	shared	2.000000	late											
development	20251029	032820	3	0.062040	145807179610.000000	4755.000000	1.000000	shared	2.000000	late											
development	20251029	456010	4	0.064387	72602247180.000000	17550.000000	1.000000	study	2.000000	vi											
development	20251029	028260	5	0.083333	65067375500.000000	207000.000000	1.000000	shared	2.000000	late											
development	20251029	005690	6	0.094512	63657388500.000000	16400.000000	1.000000	shared	2.000000	late											
development	20251029	089010	7	0.080238	63314458850.000000	33650.000000	1.000000	shared	2.000000	late											
development	20251029	117730	8	0.168191	53207596225.000000	14210.000000	1.000000	study	2.000000	vi											
development	20251029	000150	9	0.099429	47355455000.000000	875000.000000	1.000000	shared	2.000000	late											
development	20251029	222800	10	0.123288	42680675000.000000	58400.000000	1.000000	shared	2.000000	signal	1035.000000	1039.000000	False	filled	1040.000000	63300.000000	62500.000000	1110.000000	stop	-180.638231	-1.429300
