period	start	end	net	bench	kospi	kosdaq
2010-01	2010-01-04	2010-02-01	-0.084831	-0.046326	-0.052885	-0.049404
2010-02	2010-02-01	2010-03-02	0.013421	0.016434	0.005403	0.011873
2010-03	2010-03-02	2010-04-01	0.032318	0.004472	0.064422	0.022108
2010-04	2010-04-01	2010-05-03	0.005938	-0.025765	0.001187	0.001136
2010-05	2010-05-03	2010-06-01	-0.028266	-0.062180	-0.052759	-0.059621
2010-06	2010-06-01	2010-07-01	0.059729	0.025719	0.034249	0.001637
2010-07	2010-07-01	2010-08-02	0.001156	0.009613	0.056949	-0.015544
2010-08	2010-08-02	2010-09-01	0.002047	-0.023502	-0.009864	-0.025374
2010-09	2010-09-01	2010-10-01	0.060743	0.053842	0.063490	0.053880
2010-10	2010-10-01	2010-11-01	0.046339	0.037215	0.020253	0.066497
2010-11	2010-11-01	2010-12-01	-0.042894	-0.052983	0.007615	-0.048297
2010-12	2010-12-01	2011-01-03	0.066007	0.036039	0.072958	0.030986
2011-01	2011-01-03	2011-02-01	0.031930	0.009724	0.000942	0.012451
2011-02	2011-02-01	2011-03-02	-0.055896	-0.068059	-0.069396	-0.040114
2011-03	2011-03-02	2011-04-01	0.092811	0.069542	0.099972	0.056807
2011-04	2011-04-01	2011-05-02	0.065168	-0.010053	0.050896	-0.028756
2011-05	2011-05-02	2011-06-01	-0.046560	-0.061006	-0.039310	-0.064885
2011-06	2011-06-01	2011-07-01	-0.017317	0.020612	-0.007285	0.001821
2011-07	2011-07-01	2011-08-01	0.046660	0.085039	0.021908	0.124517
2011-08	2011-08-01	2011-09-01	-0.066783	-0.132382	-0.134240	-0.099506
2011-09	2011-09-01	2011-10-04	-0.043443	-0.140113	-0.059047	-0.110338
2011-10	2011-10-04	2011-11-01	0.054385	0.153387	0.079100	0.128929
2011-11	2011-11-01	2011-12-01	-0.022718	-0.021139	0.003430	0.008063
2011-12	2011-12-01	2012-01-02	0.006815	-0.001032	-0.046869	0.021075
2012-01	2012-01-02	2012-02-01	-0.053564	0.050928	0.072751	0.024586
2012-02	2012-02-01	2012-03-02	0.020226	0.040406	0.038479	0.047607
2012-03	2012-03-02	2012-04-02	-0.036190	-0.024616	-0.002625	-0.040756
2012-04	2012-04-02	2012-05-02	-0.026735	-0.076036	-0.014892	-0.069490
2012-05	2012-05-02	2012-06-01	0.025379	-0.049827	-0.082318	-0.027619
2012-06	2012-06-01	2012-07-02	0.050720	0.059267	0.009343	0.038761
2012-07	2012-07-02	2012-08-01	-0.045064	-0.046555	0.015273	-0.044655
2012-08	2012-08-01	2012-09-03	0.081902	0.096600	0.017437	0.093740
2012-09	2012-09-03	2012-10-02	0.010470	0.007658	0.043561	0.029486
2012-10	2012-10-02	2012-11-01	0.042109	-0.059036	-0.048892	-0.035503
2012-11	2012-11-01	2012-12-03	-0.001658	-0.037071	0.021902	-0.019378
2012-12	2012-12-03	2013-01-02	-0.015686	0.008686	0.046948	0.005291
2013-01	2013-01-02	2013-02-01	-0.019924	-0.002330	-0.036094	0.003389
2013-02	2013-02-01	2013-03-04	0.034395	0.044594	0.028277	0.067692
2013-03	2013-03-04	2013-04-01	0.017492	0.003794	-0.008524	0.030872
2013-04	2013-04-01	2013-05-02	0.074728	-0.001921	-0.019429	0.011752
2013-05	2013-05-02	2013-06-03	-0.046378	0.008981	0.016534	0.015933
2013-06	2013-06-03	2013-07-01	-0.070587	-0.087806	-0.067271	-0.073058
2013-07	2013-07-01	2013-08-01	0.032617	0.067515	0.035032	0.041132
2013-08	2013-08-01	2013-09-02	-0.041222	-0.047332	0.002119	-0.044293
2013-09	2013-09-02	2013-10-01	0.023891	0.026862	0.038476	0.009844
2013-10	2013-10-01	2013-11-01	-0.002966	-0.001965	0.020286	0.008278
2013-11	2013-11-01	2013-12-02	-0.002746	-0.025983	-0.004237	-0.041235
2013-12	2013-12-02	2014-01-02	-0.009076	-0.031641	-0.031313	-0.032008
2014-01	2014-01-02	2014-02-03	-0.015376	0.022270	-0.024009	0.034940
2014-02	2014-02-03	2014-03-03	0.042735	0.015291	0.023297	0.031619
2014-03	2014-03-03	2014-04-01	0.019031	0.040268	0.013890	0.036274
2014-04	2014-04-01	2014-05-02	0.035207	-0.002323	-0.016336	0.017447
2014-05	2014-05-02	2014-06-02	0.025612	-0.035437	0.021721	-0.042083
2014-06	2014-06-02	2014-07-01	0.022763	0.015697	-0.001499	0.018219
2014-07	2014-07-01	2014-08-01	0.045957	0.002898	0.037069	-0.006992
2014-08	2014-08-01	2014-09-01	0.099164	0.036424	-0.002528	0.047792
2014-09	2014-09-01	2014-10-01	-0.048683	-0.002262	-0.036908	0.000071
2014-10	2014-10-01	2014-11-03	0.037725	-0.014029	-0.019367	-0.025609
2014-11	2014-11-03	2014-12-01	-0.023278	-0.025227	0.006272	-0.023567
2014-12	2014-12-01	2015-01-02	0.005556	0.017594	-0.019733	0.026471
2015-01	2015-01-02	2015-02-02	0.055599	0.055192	0.013621	0.065989
2015-02	2015-02-02	2015-03-02	0.049927	0.052631	0.022600	0.053433
2015-03	2015-03-02	2015-04-01	0.099890	0.061425	0.015845	0.045705
2015-04	2015-04-01	2015-05-04	0.048726	0.040441	0.051162	0.042554
2015-05	2015-05-04	2015-06-01	0.033981	0.057345	-0.014004	0.055805
2015-06	2015-06-01	2015-07-01	0.075344	0.040668	-0.002131	0.062789
2015-07	2015-07-01	2015-08-03	-0.056542	-0.047837	-0.042614	-0.060907
2015-08	2015-08-03	2015-09-01	-0.009036	-0.056651	-0.046931	-0.057956
2015-09	2015-09-01	2015-10-01	-0.004787	0.044763	0.034003	0.017609
2015-10	2015-10-01	2015-11-02	-0.037132	-0.013368	0.028252	-0.006980
2015-11	2015-11-02	2015-12-01	0.000217	-0.005688	-0.005557	0.017559
2015-12	2015-12-01	2016-01-04	-0.013443	-0.030187	-0.051963	-0.020464
2016-01	2016-01-04	2016-02-01	0.021181	-0.001106	0.003158	0.011449
2016-02	2016-02-01	2016-03-02	-0.030579	-0.020250	0.011741	-0.033987
2016-03	2016-03-02	2016-04-01	-0.002469	0.025333	0.013428	0.042945
2016-04	2016-04-01	2016-05-02	-0.053453	0.014438	0.002321	-0.000608
2016-05	2016-05-02	2016-06-01	0.014498	0.017811	0.002310	0.014139
2016-06	2016-06-01	2016-07-01	-0.009912	-0.023618	0.002320	-0.022528
2016-07	2016-07-01	2016-08-01	-0.004986	0.009190	0.021280	0.028439
2016-08	2016-08-01	2016-09-01	-0.042810	-0.044470	0.001532	-0.046084
2016-09	2016-09-01	2016-10-04	0.020995	0.013693	0.010892	0.021734
2016-10	2016-10-04	2016-11-01	-0.041871	-0.086070	-0.023101	-0.086750
2016-11	2016-11-01	2016-12-01	-0.025730	-0.034983	-0.011776	-0.051933
2016-12	2016-12-01	2017-01-02	0.030939	0.051624	0.021379	0.064309
2017-01	2017-01-02	2017-02-01	-0.021265	-0.013445	0.026809	-0.013227
2017-02	2017-02-01	2017-03-02	-0.048039	-0.030080	0.010656	-0.023650
2017-03	2017-03-02	2017-04-03	0.000695	0.045470	0.030847	0.032171
2017-04	2017-04-03	2017-05-02	-0.032427	-0.043038	0.024064	-0.003325
2017-05	2017-05-02	2017-06-01	0.051165	0.046655	0.056288	0.043740
2017-06	2017-06-01	2017-07-03	0.034870	-0.009271	0.021270	0.010920
2017-07	2017-07-03	2017-08-01	0.015070	-0.012293	0.011894	-0.011876
2017-08	2017-08-01	2017-09-01	-0.037617	-0.000887	-0.026938	0.013581
2017-09	2017-09-01	2017-10-10	-0.021741	-0.049887	0.032286	-0.011178
2017-10	2017-10-10	2017-11-01	0.003444	0.035339	0.050398	0.062910
2017-11	2017-11-01	2017-12-01	0.069185	0.072160	-0.031708	0.132127
2017-12	2017-12-01	2018-01-02	0.031784	0.018018	0.001713	0.031421
2018-01	2018-01-02	2018-02-01	0.039699	0.091092	0.035848	0.117853
2018-02	2018-02-01	2018-03-02	-0.063877	-0.073375	-0.064776	-0.052819
2018-03	2018-03-02	2018-04-02	0.068591	0.033378	0.017484	0.008800
2018-04	2018-04-02	2018-05-02	-0.031793	0.025729	0.025142	0.003722
2018-05	2018-05-02	2018-06-01	0.082270	-0.010532	-0.026600	0.013995
2018-06	2018-06-01	2018-07-02	-0.112218	-0.125293	-0.068644	-0.105749
2018-07	2018-07-02	2018-08-01	-0.032171	0.019851	0.015641	0.000544
2018-08	2018-08-01	2018-09-03	-0.040524	0.022165	-0.000017	0.033648
2018-09	2018-09-03	2018-10-01	0.010405	-0.005578	0.013806	-0.000380
2018-10	2018-10-01	2018-11-01	-0.142229	-0.193311	-0.134432	-0.194812
2018-11	2018-11-01	2018-12-03	0.028167	0.086201	0.053086	0.079092
2018-12	2018-12-03	2019-01-02	-0.033237	-0.061224	-0.057192	-0.056508
2019-01	2019-01-02	2019-02-01	-0.009937	0.094450	0.096249	0.071037
2019-02	2019-02-01	2019-03-04	-0.015121	-0.004502	-0.005809	0.043450
2019-03	2019-03-04	2019-04-01	0.004468	-0.015581	-0.010216	-0.015052
2019-04	2019-04-01	2019-05-02	0.014918	0.014041	0.020509	0.031989
2019-05	2019-05-02	2019-06-03	0.011845	-0.076057	-0.065484	-0.082695
2019-06	2019-06-03	2019-07-01	-0.009104	0.007086	0.029930	-0.002151
2019-07	2019-07-01	2019-08-01	-0.086616	-0.101932	-0.052776	-0.105948
2019-08	2019-08-01	2019-09-02	0.013381	0.015442	-0.023868	-0.003937
2019-09	2019-09-02	2019-10-01	-0.011381	0.018558	0.052423	0.019829
2019-10	2019-10-01	2019-11-01	-0.024923	0.022833	0.013405	0.047841
2019-11	2019-11-01	2019-12-02	-0.026745	-0.033254	-0.003942	-0.042033
2019-12	2019-12-02	2020-01-02	0.056279	0.042133	0.039796	0.062285
2020-01	2020-01-02	2020-02-03	0.012182	-0.042843	-0.025878	-0.040310
2020-02	2020-02-03	2020-03-02	-0.061100	-0.054114	-0.054920	-0.029667
2020-03	2020-03-02	2020-04-01	-0.033385	-0.118959	-0.158326	-0.120798
2020-04	2020-04-01	2020-05-04	0.075283	0.182087	0.124542	0.163218
2020-05	2020-05-04	2020-06-01	0.164010	0.110994	0.089539	0.146142
2020-06	2020-06-01	2020-07-01	-0.032729	-0.010915	0.020154	-0.011064
2020-07	2020-07-01	2020-08-03	0.104729	0.142893	0.068515	0.137428
2020-08	2020-08-03	2020-09-01	0.091370	0.049680	0.043762	0.031176
2020-09	2020-09-01	2020-10-05	-0.024644	0.002999	0.003596	0.005883
2020-10	2020-10-05	2020-11-02	-0.076093	-0.054189	-0.024529	-0.064586
2020-11	2020-11-02	2020-12-01	0.056644	0.110140	0.145246	0.110019
2020-12	2020-12-01	2021-01-04	0.121720	0.067952	0.117756	0.096860
2021-01	2021-01-04	2021-02-01	0.018155	-0.004609	0.038065	-0.021174
2021-02	2021-02-01	2021-03-02	-0.023707	-0.001388	-0.004142	-0.035269
2021-03	2021-03-02	2021-04-01	0.056130	0.059728	0.014301	0.046156
2021-04	2021-04-01	2021-05-03	0.036433	0.030035	0.012891	-0.004111
2021-05	2021-05-03	2021-06-01	0.038153	0.046689	0.030273	0.023685
2021-06	2021-06-01	2021-07-01	-0.063469	0.036418	0.018682	0.051849
2021-07	2021-07-01	2021-08-02	-0.010690	-0.022433	-0.017983	0.002086
2021-08	2021-08-02	2021-09-01	-0.035709	-0.014455	-0.004970	0.007882
2021-09	2021-09-01	2021-10-01	-0.057273	-0.053183	-0.058572	-0.060020
2021-10	2021-10-01	2021-11-01	-0.021708	0.011847	-0.013328	0.015633
2021-11	2021-11-01	2021-12-01	0.069637	-0.071888	-0.026593	-0.021451
2021-12	2021-12-01	2022-01-03	0.003001	0.078438	0.026875	0.062099
2022-01	2022-01-03	2022-02-03	-0.119111	-0.108993	-0.090618	-0.140900
2022-02	2022-02-03	2022-03-02	-0.024206	0.008995	-0.001588	0.004318
2022-03	2022-03-02	2022-04-01	0.052876	0.051165	0.013438	0.050388
2022-04	2022-04-01	2022-05-02	-0.024393	-0.014740	-0.019125	-0.041198
2022-05	2022-05-02	2022-06-02	-0.016092	-0.027191	-0.010590	-0.011843
2022-06	2022-06-02	2022-07-01	-0.145138	-0.178506	-0.132972	-0.181408
2022-07	2022-07-01	2022-08-01	0.014904	0.079571	0.063689	0.107104
2022-08	2022-08-01	2022-09-01	0.051241	-0.011425	-0.014941	-0.023885
2022-09	2022-09-01	2022-10-04	-0.078491	-0.118126	-0.085374	-0.116108
2022-10	2022-10-04	2022-11-01	-0.008024	0.003076	0.056957	0.004679
2022-11	2022-11-01	2022-12-01	0.035186	0.076466	0.061930	0.057924
2022-12	2022-12-01	2023-01-02	-0.076433	-0.113293	-0.102495	-0.093289
2023-01	2023-01-02	2023-02-01	0.045764	0.103133	0.100702	0.118315
2023-02	2023-02-01	2023-03-02	0.089996	0.021301	-0.008960	0.048245
2023-03	2023-03-02	2023-04-03	0.101463	0.033093	0.018325	0.086091
2023-04	2023-04-03	2023-05-02	-0.039232	-0.019130	0.021053	0.000760
2023-05	2023-05-02	2023-06-01	0.042232	0.004495	0.017739	0.009549
2023-06	2023-06-01	2023-07-03	0.043636	0.021002	0.012961	0.029533
2023-07	2023-07-03	2023-08-01	0.059947	-0.000037	0.024823	0.056652
2023-08	2023-08-01	2023-09-01	-0.008610	-0.009476	-0.038754	-0.021210
2023-09	2023-09-01	2023-10-04	-0.104001	-0.103407	-0.061637	-0.122143
2023-10	2023-10-04	2023-11-01	-0.056815	-0.063526	-0.043285	-0.084432
2023-11	2023-11-01	2023-12-01	0.004984	0.087581	0.088397	0.119056
2023-12	2023-12-01	2024-01-02	0.065615	0.051071	0.065788	0.062485
2024-01	2024-01-02	2024-02-01	-0.027358	-0.047460	-0.047700	-0.091247
2024-02	2024-02-01	2024-03-04	0.017553	0.051021	0.051844	0.092948
2024-03	2024-03-04	2024-04-01	-0.044557	0.024877	0.027518	0.045225
2024-04	2024-04-01	2024-05-02	0.011511	-0.025632	-0.023367	-0.049285
2024-05	2024-05-02	2024-06-03	0.112988	0.010589	-0.000421	-0.026237
2024-06	2024-06-03	2024-07-01	0.006317	-0.008410	0.045401	0.002877
2024-07	2024-07-01	2024-08-01	-0.003347	-0.044857	-0.009496	-0.039686
2024-08	2024-08-01	2024-09-02	-0.047564	-0.064225	-0.034806	-0.054479
2024-09	2024-09-02	2024-10-02	-0.024196	-0.012236	-0.044502	-0.009204
2024-10	2024-10-02	2024-11-01	-0.048212	-0.026401	-0.007546	-0.043405
2024-11	2024-11-01	2024-12-02	-0.011272	-0.063993	-0.034566	-0.072985
2024-12	2024-12-02	2025-01-02	-0.076900	0.018257	-0.022628	0.015965
2025-01	2025-01-02	2025-02-03	0.016599	0.012783	0.022931	0.025006
2025-02	2025-02-03	2025-03-04	0.041113	0.048250	0.030551	0.048451
2025-03	2025-03-04	2025-04-01	-0.037723	-0.047120	-0.002978	-0.062949
2025-04	2025-04-01	2025-05-02	0.057024	0.045768	0.015230	0.043980
2025-05	2025-05-02	2025-06-02	0.108308	0.027423	0.054372	0.025531
2025-06	2025-06-02	2025-07-01	0.172959	0.094324	0.144751	0.058599
2025-07	2025-07-01	2025-08-01	-0.063921	-0.037667	0.009632	-0.013883
2025-08	2025-08-01	2025-09-01	-0.001101	0.009997	0.007540	0.015800
2025-09	2025-09-01	2025-10-01	0.095288	0.060542	0.099557	0.076866
2025-10	2025-10-01	2025-11-03	0.108580	0.082572	0.221666	0.081872
2025-11	2025-11-03	2025-12-01	-0.009427	-0.024404	-0.071414	0.008562
2025-12	2025-12-01	2026-01-02	0.033411	0.037665	0.099292	0.025141
2026-01	2026-01-02	2026-02-02	0.090917	0.125848	0.148514	0.161585
2026-02	2026-02-02	2026-03-03	0.144755	0.063196	0.170161	0.035817
2026-03	2026-03-03	2026-04-01	-0.004227	-0.004449	-0.054077	-0.018915
2026-04	2026-04-01	2026-05-04	0.172628	0.166129	0.266174	0.087405
2026-05	2026-05-04	2026-06-01	-0.053960	-0.143599	0.266887	-0.134881
2026-06	2026-06-01	2026-07-01	-0.189835	-0.128340	-0.055183	-0.114930
2026-07	2026-07-01	2026-08-03	-0.292093	-0.160056	-0.246400	-0.206596
2026-08	2026-08-03	2026-09-01	0.094903	0.137223	0.092426	0.113786
2026-09	2026-09-01	2026-09-29	-0.049354	0.037271	0.005122	0.034764
