variant	atr_max	dev_lo	dev_hi	days	buys	gross_pct	net_pct	net_per_buy	months_pos	months
take0.8	5	0	5	856	1559	0.06682878480528691	-0.1633148970835738	-3424.8184109685694	3	13
take0.8	5	0	99	1174	2157	0.06374446590821639	-0.1663925846945914	-3490.1466031525265	2	13
take0.8	5	-8	5	1005	1906	0.06256480909009081	-0.16756970525070755	-3503.6188044071355	2	13
take0.8	5	-99	5	1007	1911	0.06212182045548824	-0.16801174145974238	-3513.0866725274727	2	13
take0.8	3	0	99	314	501	0.06153110359512606	-0.16860118827760345	-3594.777468063872	2	10
take0.8	5	-8	99	1323	2504	0.06092306412535342	-0.16920792046347027	-3541.074984624601	3	13
take0.8	5	-5	5	997	1880	0.06062355461232551	-0.16950678603136346	-3542.882632287234	2	13
take0.8	5	-99	99	1325	2509	0.060589306571716094	-0.16954096043836533	-3548.2116187724196	3	13
take0.8	5	-5	99	1315	2478	0.059434101895615855	-0.17069368142442412	-3571.2565250201774	3	13
take0.8	5	-1	5	931	1721	0.0594180662980173	-0.17070968254590946	-3578.3103400348637	3	13
take0.8	5	-1	99	1249	2319	0.05846100588088441	-0.17166468528278775	-3599.4939264769296	2	13
take0.8	5	-3	5	985	1845	0.05714075443703068	-0.17298209818630397	-3619.875722872629	2	13
take0.8	5	-3	99	1303	2443	0.05678978473081709	-0.17333231330733148	-3629.809672124437	3	13
take0.8	3	-1	99	336	540	0.05514897333163518	-0.17496959696102782	-3729.8870685185184	1	10
take0.8	99	0	5	1630	3415	0.05403864341451712	-0.17607753966952744	-3665.462310746706	1	13
take0.8	4	0	99	739	1270	0.05397510175482287	-0.17614094471581299	-3722.3303152755902	1	12
take0.8	4	0	2	233	406	0.05303812463432779	-0.17707590733944095	-3756.68388866995	3	12
take0.8	3	-3	99	350	563	0.051385828433090676	-0.17872465109804045	-3809.962781527531	1	10
take0.8	3	-5	99	350	563	0.051385828433090676	-0.17872465109804045	-3809.962781527531	1	10
take0.8	3	-8	99	350	563	0.051385828433090676	-0.17872465109804045	-3809.962781527531	1	10
take0.8	3	-99	99	350	563	0.051385828433090676	-0.17872465109804045	-3809.962781527531	1	10
take0.8	5	0	2	323	592	0.04958911210639995	-0.18051750448864196	-3799.1268037162167	1	13
take0.8	99	0	99	2601	5462	0.0494903156329979	-0.18061608854693115	-3763.1101286342005	0	13
take0.8	5	-8	2	472	939	0.04721772950006057	-0.1828837886209133	-3820.754639297125	2	13
take0.8	4	-1	99	782	1350	0.04664872585455692	-0.1834515689077823	-3878.2623347407407	1	12
take0.8	5	-99	2	474	944	0.046403642424705946	-0.1836961254090421	-3838.2413096398304	2	13
take0.8	99	-1	5	1786	3787	0.04524891736677034	-0.18484836780810707	-3845.1533570372326	1	13
take0.8	3	0	5	266	413	0.045215598171241364	-0.1848816153648268	-3939.6902409200966	1	10
take0.8	4	0	5	582	984	0.0448611120674979	-0.18523533932585107	-3915.585170630082	1	12
take0.8	99	-1	99	2757	5834	0.04407839465136255	-0.18601637389960735	-3873.525796109017	0	13
take0.8	5	-5	2	464	913	0.04276685763523089	-0.18732509111130818	-3910.6358311062436	2	13
take0.8	4	-99	99	816	1418	0.04141276119205742	-0.18867627624617622	-3982.0316099435827	1	12
take0.8	4	-8	99	815	1414	0.04029270896179318	-0.18979392036415021	-4005.3576470297025	1	12
take0.8	4	-5	99	815	1414	0.04029270896179318	-0.18979392036415021	-4005.3576470297025	1	12
take0.8	99	-5	99	3033	6606	0.03903438463381516	-0.19104953929642135	-3975.2553076899785	1	13
take0.8	3	-1	5	288	452	0.03899202247103505	-0.1910918103772777	-4071.3441924778767	1	10
take0.8	99	-3	99	2946	6339	0.03859653045953672	-0.19148645208360343	-3986.446513251301	1	13
take0.8	99	-5	5	2062	4559	0.037733898857404836	-0.19234722902883272	-3997.3640779118227	1	13
take0.8	99	-8	99	3101	6812	0.037665417656533064	-0.1924155629946026	-4004.4912898708158	1	13
take0.8	4	-3	99	811	1400	0.03707340417394841	-0.19300630364671542	-4079.1735163571434	1	12
take0.8	99	-3	5	1975	4292	0.03700660891351586	-0.19307295529844903	-4015.2681071994407	1	13
take0.8	5	-1	2	398	754	0.03639210479231777	-0.1936861382361422	-4069.0494168435016	2	13
take0.8	4	-1	5	625	1064	0.03625775071467601	-0.19382020345158263	-4098.900807706767	1	12
take0.8	99	-99	99	3135	6909	0.03586155522086344	-0.19421554712564368	-4041.3736311767257	1	13
take0.8	99	-8	5	2130	4765	0.03583136553188504	-0.1942456719075417	-4038.203763945435	1	13
take0.8	3	-99	5	302	475	0.03531226858066053	-0.1947636527967879	-4149.721271578947	1	10
take0.8	3	-5	5	302	475	0.03531226858066053	-0.1947636527967879	-4149.721271578947	1	10
take0.8	3	-3	5	302	475	0.03531226858066053	-0.1947636527967879	-4149.721271578947	1	10
take0.8	3	-8	5	302	475	0.03531226858066053	-0.1947636527967879	-4149.721271578947	1	10
take0.8	5	-3	2	452	878	0.034783081552888055	-0.19529170207517177	-4087.086416628702	2	13
take0.8	99	-99	5	2164	4862	0.03330142715426047	-0.19677017091708984	-4089.941729000412	1	13
take0.8	4	-1	2	276	486	0.03292101602419657	-0.19714976416510296	-4184.173477983539	1	12
take0.8	4	-99	5	659	1132	0.030301756735211672	-0.19976339204386206	-4215.633507420494	0	12
take0.8	99	0	2	564	1221	0.029218680372064137	-0.20084413979466098	-4190.635933251433	2	13
take0.8	4	-8	5	658	1128	0.028857246400351748	-0.20120479668150967	-4245.702145744682	0	12
take0.8	4	-5	5	658	1128	0.028857246400351748	-0.20120479668150967	-4245.702145744682	0	12
take0.8	4	-3	5	654	1114	0.02469027447429927	-0.20536280961794356	-4341.489434829443	0	12
stop1.5	3	0	99	314	401	0.021501972835848787	-0.20854425640574828	-4444.053349127183	1	10
take0.8	4	-99	2	310	554	0.021157748566190477	-0.20888774059749965	-4412.229208122744	1	12
stop1.5	5	-8	99	1323	1936	0.02093305549147602	-0.2091119505778306	-4371.421878202479	3	13
stop1.5	5	-5	99	1315	1921	0.02083663652556022	-0.20920816224296973	-4372.575841332638	2	13
stop1.5	5	-99	99	1325	1938	0.018714396925041774	-0.21132583902834706	-4417.7607307533535	3	13
take0.8	4	-5	2	309	550	0.018129673929439784	-0.21190930487381315	-4475.327038727273	1	12
take0.8	4	-8	2	309	550	0.018129673929439784	-0.21190930487381315	-4475.327038727273	1	12
stop1.5	5	0	99	1174	1670	0.01797675667661055	-0.21206189335024414	-4444.661816586826	2	13
stop1.5	3	-1	99	336	433	0.017293833936198134	-0.21274334780676468	-4532.0213741339485	1	10
l0_live	3	0	99	314	401	0.017069107204946685	-0.21296759137554394	-4538.3140922693265	1	10
stop1.5	5	-8	5	1005	1473	0.01625629636000033	-0.2137786546771737	-4464.693281670061	2	13
stop1.5	5	-5	5	997	1458	0.016079744336723135	-0.21395482711360084	-4467.173277709191	2	13
l0_live	5	0	99	1174	1676	0.016061481673027934	-0.21397305051256907	-4484.945507279236	2	13
stop1.5	5	-1	99	1249	1796	0.0159466101151291	-0.21408767509661844	-4485.373443596883	2	13
stop1.5	3	-3	99	350	452	0.015552132803250962	-0.21448130428227602	-4569.375853982301	1	10
stop1.5	3	-5	99	350	452	0.015552132803250962	-0.21448130428227602	-4569.375853982301	1	10
stop1.5	3	-8	99	350	452	0.015552132803250962	-0.21448130428227602	-4569.375853982301	1	10
stop1.5	3	-99	99	350	452	0.015552132803250962	-0.21448130428227602	-4569.375853982301	1	10
stop1.5	5	-3	99	1303	1893	0.015368802284110208	-0.2146642406408006	-4490.506260538827	2	13
l0_live	5	0	5	856	1211	0.014250134089067345	-0.21578050369922414	-4522.123109744012	3	13
take0.8	99	-1	2	720	1593	0.014089991581061232	-0.21594030190837699	-4495.171654990584	2	13
stop1.5	99	0	99	2601	4210	0.01385119772794489	-0.21617858234489	-4503.900384465558	0	13
stop1.5	99	0	5	1630	2619	0.013533853943686322	-0.21649524383770646	-4506.152572699503	1	13
stop1.5	5	-8	2	472	732	0.013467424165703753	-0.21656153079625248	-4515.252534153005	2	13
stop1.5	5	-99	5	1007	1475	0.013344851360087725	-0.21668384007033645	-4525.45135179661	2	13
stop1.5	5	-5	2	464	717	0.013047694705469175	-0.21698035783814762	-4521.3532635983265	2	13
l0_live	5	-8	99	1323	1941	0.012571093159205914	-0.21745593469108637	-4546.002925141679	3	13
l0_live	5	-5	99	1315	1926	0.012475228628135637	-0.21755159311341488	-4547.11470285566	2	13
l0_live	5	0	2	323	470	0.012384203195122399	-0.21764242284174712	-4574.152088297873	1	13
l0_live	3	-1	99	336	433	0.011374555269470338	-0.218649900024359	-4657.8472632794455	1	10
stop1.5	5	0	5	856	1207	0.011153977168551535	-0.21887000388236083	-4586.5830003314	3	13
l0_live	5	-1	99	1249	1802	0.010832848414766776	-0.219190442209325	-4592.504513706992	2	13
l0_live	3	-3	99	350	452	0.010536320741305037	-0.2194863323482888	-4676.004515486726	0	10
l0_live	3	-5	99	350	452	0.010536320741305037	-0.2194863323482888	-4676.004515486726	0	10
l0_live	3	-99	99	350	452	0.010536320741305037	-0.2194863323482888	-4676.004515486726	0	10
l0_live	3	-8	99	350	452	0.010536320741305037	-0.2194863323482888	-4676.004515486726	0	10
stop1.5	99	-1	99	2757	4499	0.010344675477139641	-0.21967756557406873	-4574.096294332074	0	13
l0_live	5	-99	99	1325	1943	0.01006412622073081	-0.21995751165064373	-4598.3596359752955	3	13
l0_live	5	-8	5	1005	1476	0.009975846982380054	-0.22004560108863205	-4595.741255691057	2	13
l0_live	5	-5	5	997	1461	0.009821994329907408	-0.22019912295790195	-4597.717545106092	2	13
take0.8	99	-5	2	996	2365	0.009725588968309183	-0.2202953210561143	-4576.404023044397	2	13
take0.8	4	-3	2	305	536	0.009256210693196813	-0.2207636901641935	-4680.405002425373	1	12
stop1.5	5	-1	5	931	1333	0.009059667528224773	-0.22095981075696086	-4628.020369392348	2	13
l0_live	99	0	99	2601	4262	0.00887291055581537	-0.22114616619906421	-4607.495322806194	0	13
stop1.5	5	-3	5	985	1430	0.008748314860257756	-0.2212704940166918	-4625.13902020979	2	13
stop1.5	4	0	99	739	992	0.00855855791031407	-0.22145984298919313	-4678.67464122984	2	12
take0.8	99	-8	2	1064	2571	0.008460619843965156	-0.2215575704961837	-4605.6995793465585	2	13
l0_live	99	0	5	1630	2645	0.00842450339643192	-0.22159360928405408	-4612.443917693762	1	13
l0_live	5	-3	99	1303	1898	0.008366740576140836	-0.22165124791609786	-4636.816531981032	2	13
stop1.5	99	-1	5	1786	2908	0.008133706264829602	-0.2218837812011595	-4614.529641506189	1	13
stop1.5	5	-99	2	474	734	0.007614825577957355	-0.22240154629703524	-4637.210347411444	2	13
l0_live	5	-1	5	931	1337	0.007370917129777525	-0.2226449303420515	-4663.586798354525	3	13
l0_live	5	-99	5	1007	1478	0.006680574994223465	-0.2233337882420141	-4664.502833829499	2	13
stop1.5	4	-1	99	782	1058	0.006239512635427695	-0.22377390231673847	-4728.963759073724	2	12
stop1.5	99	0	2	564	957	0.006157867467421888	-0.22385537194262475	-4670.548727586207	2	13
stop1.5	99	-3	99	2946	4893	0.005300462205028813	-0.2247109337882211	-4677.519346862866	0	13
take0.8	99	-99	2	1098	2668	0.004835666316410938	-0.22517473037248206	-4679.3513379685155	1	13
take0.8	99	-3	2	909	2098	0.004717543471499544	-0.2252925992538379	-4686.722306673022	2	13
l0_live	99	0	2	564	967	0.00468394710579905	-0.22532612337552266	-4701.855006514996	3	13
l0_live	5	-8	2	472	735	0.004450020150043587	-0.22555954739327902	-4703.230597278912	2	13
l0_live	5	-3	5	985	1433	0.0043273565712296635	-0.22568194724539845	-4717.515836287508	2	13
l0_live	5	-5	2	464	720	0.004018839680607416	-0.22598980082470585	-4709.480179166667	2	13
stop1.5	99	-5	99	3033	5089	0.0036182685189322206	-0.22638951075791128	-4710.314936058165	0	13
stop1.5	4	-5	99	815	1109	0.002861375244635062	-0.22714477671214092	-4792.762334174932	2	12
stop1.5	4	-8	99	815	1109	0.002861375244635062	-0.22714477671214092	-4792.762334174932	2	12
stop1.5	4	0	2	233	317	0.002752648739969832	-0.22725326945482113	-4818.055637223975	2	12
l0_live	99	-1	99	2757	4554	0.0025806558348517965	-0.22742489257361131	-4735.682435748792	0	13
stop1.5	99	-8	99	3101	5244	0.001995883900554055	-0.22800840724937388	-4744.351731521739	1	13
stop1.5	3	0	5	266	333	0.0015466501404913825	-0.22845667515731066	-4866.023037537538	2	10
stop1.5	4	-99	99	816	1110	0.001108210465429336	-0.2288941721870713	-4829.779178918919	2	12
stop1.5	99	-3	5	1975	3302	0.0009133656697564328	-0.22908859806497692	-4762.960367504543	1	13
stop1.5	99	-99	99	3135	5320	0.0005062125280350288	-0.22949487582799677	-4774.562597612782	1	13
l0_live	99	-3	99	2946	4970	-3.4561015412096495e-05	-0.23003448670826251	-4789.030223923542	0	13
stop1.5	4	-3	99	811	1100	-0.0009829084407397453	-0.23098079518759215	-4880.2522896363635	2	12
l0_live	4	0	99	739	993	-0.0011408574988122002	-0.23113840465518976	-4883.225145115811	1	12
stop1.5	5	0	2	323	466	-0.0012693393111351725	-0.2312666102316162	-4859.822601931331	1	13
stop1.5	99	-5	5	2062	3498	-0.001293860816260599	-0.23129107901412985	-4805.884985391654	1	13
l0_live	99	-1	5	1786	2937	-0.0012990771465533305	-0.23129628413068823	-4810.713962853251	1	13
stop1.5	3	-1	5	288	365	-0.0017049294219052705	-0.23170126382364822	-4933.385023287671	1	10
l0_live	5	-99	2	474	737	-0.002153809832894094	-0.23214917914175337	-4840.835256445047	2	13
stop1.5	5	-3	2	452	689	-0.0022974763001177585	-0.23229253672607247	-4851.4084905660375	2	13
stop1.5	4	-1	2	276	383	-0.002629967360085798	-0.2326243129302616	-4932.9557441253255	1	12
l0_live	5	-1	2	398	596	-0.0026311336203215007	-0.23262547668303782	-4880.496552013423	2	13
stop1.5	3	-3	5	302	384	-0.002813979035819495	-0.2328079289808925	-4957.495220052083	1	10
stop1.5	3	-5	5	302	384	-0.002813979035819495	-0.2328079289808925	-4957.495220052083	1	10
stop1.5	3	-8	5	302	384	-0.002813979035819495	-0.2328079289808925	-4957.495220052083	1	10
stop1.5	3	-99	5	302	384	-0.002813979035819495	-0.2328079289808925	-4957.495220052083	1	10
stop1.5	5	-1	2	398	592	-0.0033505907680957568	-0.23334338699794432	-4894.970951858108	2	13
l0_live	99	-5	99	3033	5172	-0.003411012519494496	-0.2334036788416484	-4856.562214675174	0	13
stop1.5	99	-8	5	2130	3653	-0.003416550200408617	-0.23340920461616052	-4850.690788228853	1	13
l0_live	4	0	2	233	318	-0.0037287236934761304	-0.2337207069375352	-4955.359216981133	2	12
l0_live	3	0	5	266	333	-0.0038955281113743755	-0.23388715272593497	-4981.6897342342345	2	10
l0_live	99	-3	5	1975	3353	-0.004699027706370933	-0.23468892479751932	-4880.479961049807	1	13
stop1.5	99	-1	2	720	1246	-0.004739035273946079	-0.23472884634810712	-4885.356133146068	2	13
stop1.5	4	0	5	582	776	-0.005318157215730213	-0.2353067231777164	-4972.761706314433	2	12
stop1.5	99	-99	5	2164	3729	-0.0054352248864729235	-0.2354235391510311	-4891.624024832395	1	13
l0_live	4	-1	99	782	1059	-0.005787059833585618	-0.23577461765494342	-4982.643705476865	1	12
stop1.5	4	-1	5	625	842	-0.007138882908047486	-0.23712353430979513	-5012.899640261282	2	12
l0_live	99	-8	99	3101	5334	-0.007168374857518209	-0.23715296285067364	-4935.019930221223	0	13
l0_live	5	-3	2	452	692	-0.007589876662636167	-0.2375735584278115	-4962.081776011561	2	13
l0_live	3	-99	5	302	384	-0.00880881833768267	-0.2387898793782567	-5084.877009114584	1	10
l0_live	3	-3	5	302	384	-0.00880881833768267	-0.2387898793782567	-5084.877009114584	1	10
l0_live	3	-5	5	302	384	-0.00880881833768267	-0.2387898793782567	-5084.877009114584	1	10
l0_live	3	-8	5	302	384	-0.00880881833768267	-0.2387898793782567	-5084.877009114584	1	10
l0_live	3	-1	5	288	365	-0.008823170600758068	-0.2388042007839664	-5084.620809589041	1	10
l0_live	99	-5	5	2062	3555	-0.009355769798864131	-0.2393356548944734	-4973.53273440225	1	13
stop1.5	4	-8	2	309	434	-0.010248565528221391	-0.24022653111233574	-5072.00880529954	1	12
stop1.5	4	-5	2	309	434	-0.010248565528221391	-0.24022653111233574	-5072.00880529954	1	12
l0_live	99	-99	99	3135	5410	-0.010324481552459602	-0.24030228391578923	-4999.809371349354	0	13
l0_live	4	0	5	582	777	-0.01033290603355955	-0.24031069028558738	-5078.610315444015	1	12
stop1.5	4	-8	5	658	893	-0.010594784360212682	-0.24057200557383823	-5075.914074580067	2	12
stop1.5	4	-5	5	658	893	-0.010594784360212682	-0.24057200557383823	-5075.914074580067	2	12
l0_live	4	-5	99	815	1109	-0.01222295588466868	-0.2421966765295166	-5110.315115509467	2	12
l0_live	4	-8	99	815	1109	-0.01222295588466868	-0.2421966765295166	-5110.315115509467	2	12
stop1.5	4	-99	5	659	894	-0.012756177756548205	-0.2427287519743716	-5121.55786196868	2	12
l0_live	4	-99	99	816	1110	-0.014487381440128086	-0.24445623357003182	-5158.103133423423	2	12
l0_live	99	-8	5	2130	3717	-0.014494025211615854	-0.24446286305805806	-5081.02378377724	1	13
stop1.5	4	-99	2	310	435	-0.014688333295626273	-0.2446567533790407	-5165.823635632184	1	12
l0_live	4	-1	5	625	843	-0.015444863448444857	-0.24541165699203069	-5188.205611032028	1	12
stop1.5	4	-3	5	654	884	-0.015491289202328746	-0.24545798293054374	-5187.66443280543	2	12
l0_live	4	-3	99	811	1100	-0.01578303350480529	-0.24574909998276995	-5192.239002818182	1	12
l0_live	4	-1	2	276	384	-0.016052602630126592	-0.24601808953447182	-5217.138921875	2	12
stop1.5	99	-3	2	909	1640	-0.016187584948200336	-0.24615278164202775	-5119.144315792684	2	13
l0_live	99	-1	2	720	1259	-0.01711815264560682	-0.2470813486174188	-5143.643000714854	3	13
stop1.5	99	-5	2	996	1836	-0.018586319178145037	-0.248546358593223	-5162.901537745098	2	13
l0_live	99	-99	5	2164	3793	-0.018855783885667356	-0.24881524395031324	-5170.508250856842	1	13
l0_live	99	-3	2	909	1675	-0.019998403401154392	-0.24995540683527664	-5200.61429158209	2	13
stop1.5	4	-3	2	305	425	-0.020401963208367135	-0.25035809898746914	-5304.366850588235	1	12
stop1.5	99	-8	2	1064	1991	-0.02113008238958918	-0.2510846527136601	-5217.315416273229	2	13
l0_live	4	-8	5	658	893	-0.022915020796503628	-0.25286575350179114	-5335.248722396416	2	12
l0_live	4	-5	5	658	893	-0.022915020796503628	-0.25286575350179114	-5335.248722396416	2	12
stop1.5	99	-99	2	1098	2067	-0.02412739439384657	-0.2540755204958998	-5277.6814383164	1	13
l0_live	4	-99	5	659	894	-0.025714389823629072	-0.2556591038855082	-5394.3312350111855	2	12
l0_live	99	-5	2	996	1877	-0.027192686076751287	-0.2571342218029684	-5342.401971124134	2	13
l0_live	4	-3	5	654	884	-0.02743450973316515	-0.25737552553723886	-5439.480259162897	1	12
l0_live	4	-8	2	309	434	-0.0313455005357612	-0.2612781077096093	-5516.362039170507	1	12
l0_live	4	-5	2	309	434	-0.0313455005357612	-0.2612781077096093	-5516.362039170507	1	12
l0_live	99	-8	2	1064	2039	-0.0351366896943697	-0.2650611458127067	-5509.046117361452	2	13
l0_live	4	-99	2	310	435	-0.03707492394425365	-0.26699521285777345	-5637.370436781608	1	12
l0_live	4	-3	2	305	425	-0.04087144921927336	-0.27078357560345195	-5736.998976470588	1	12
l0_live	99	-99	2	1098	2115	-0.0422252599148186	-0.27213447560600174	-5654.145354373522	1	13
trail_arm1.0_t1.0	4	-5	2	309	331	-0.04647190240368079	-0.2763719878135129	-5833.885024169184	2	12
trail_arm1.0_t1.0	4	-8	2	309	331	-0.04647190240368079	-0.2763719878135129	-5833.885024169184	2	12
trail_arm1.0_t1.0	4	-99	2	310	332	-0.048083614008945494	-0.27798023423882623	-5868.250325301204	2	12
trail_arm1.0_t1.0	99	0	99	2601	2822	-0.05529506222861953	-0.2851761778380244	-5941.256509922041	0	13
trail_arm1.0_t1.0	99	-99	99	3135	3555	-0.05703086737027609	-0.28690825100137407	-5969.471196090014	1	13
trail_arm1.0_t1.0	99	-8	99	3101	3511	-0.05818145466127197	-0.2880563645296439	-5994.006542181714	1	13
trail_arm1.0_t1.0	99	-1	99	2757	3017	-0.05905471506804746	-0.28892774742508015	-6016.61357202519	1	13
trail_arm1.0_t1.0	99	-5	99	3033	3401	-0.05923155768786715	-0.28910420983459933	-6016.1664112319895	1	13
trail_arm1.0_t1.0	99	-3	99	2946	3267	-0.059466908390988255	-0.2893390545328019	-6023.951136639118	1	13
trail_arm1.0_t1.0	99	-99	2	1098	1395	-0.06432327276848226	-0.2941849777337526	-6121.2733825806445	2	13
trail_arm1.0_t1.0	99	0	2	564	662	-0.06494401694014006	-0.29480438730010944	-6169.0817788519635	2	13
trail_arm1.0_t1.0	4	-3	2	305	325	-0.0658044151491968	-0.295662935656626	-6258.48167076923	2	12
trail_arm1.0_t1.0	99	-8	2	1064	1351	-0.0675480916346053	-0.29740286323936904	-6189.980189637306	3	13
trail_arm1.0_t1.0	99	-99	5	2164	2524	-0.07090398311577192	-0.3007515395482618	-6252.878648217116	1	13
trail_arm1.0_t1.0	99	-5	2	996	1241	-0.07125325593747511	-0.301100061439145	-6268.080766478646	3	13
trail_arm1.0_t1.0	99	-8	5	2130	2480	-0.07277821067567061	-0.30262173751883953	-6292.642167580644	1	13
trail_arm1.0_t1.0	5	-8	2	472	517	-0.07312498483344608	-0.3029677661160542	-6336.695179883946	1	13
trail_arm1.0_t1.0	99	-3	2	909	1107	-0.07338239417623033	-0.30322462202875144	-6321.548897922314	2	13
trail_arm1.0_t1.0	5	-5	2	464	507	-0.07373326357895386	-0.3035747370622591	-6346.500341222881	1	13
trail_arm1.0_t1.0	99	0	5	1630	1791	-0.0738113383299984	-0.30365264394454655	-6324.411768285874	1	13
trail_arm1.0_t1.0	5	-8	5	1005	1064	-0.07488815418500146	-0.30472714465350365	-6373.077456578947	2	13
trail_arm1.0_t1.0	99	-5	5	2062	2370	-0.07496289646017149	-0.304801726228724	-6338.302772405063	1	13
trail_arm1.0_t1.0	5	-5	5	997	1054	-0.07519782066819233	-0.3050361453537557	-6378.139163946869	2	13
trail_arm1.0_t1.0	99	-1	2	720	857	-0.0759740139057488	-0.3058106697758514	-6382.5314042007	1	13
trail_arm1.0_t1.0	99	-3	5	1975	2236	-0.07623869115055645	-0.3060747779592097	-6368.982097227191	1	13
trail_arm1.0_t1.0	5	-99	5	1007	1066	-0.077450580675093	-0.30728406192664154	-6426.7013684803005	2	13
trail_arm1.0_t1.0	99	-1	5	1786	1986	-0.07771887809409184	-0.3075517825001415	-6401.268254179255	1	13
trail_arm1.0_t1.0	5	-99	2	474	519	-0.07839448767237424	-0.30822593952387867	-6446.976210019268	1	13
trail_arm1.0_t1.0	5	-8	99	1323	1394	-0.08110356586408039	-0.3109291931974726	-6504.70165251076	1	13
trail_arm1.0_t1.0	5	-5	99	1315	1384	-0.08138525583904332	-0.3112102775389894	-6509.507491763005	2	13
trail_arm1.0_t1.0	4	-8	5	658	685	-0.08248588313404286	-0.3123085384853046	-6588.88265839416	2	12
trail_arm1.0_t1.0	4	-5	5	658	685	-0.08248588313404286	-0.3123085384853046	-6588.88265839416	2	12
trail_arm1.0_t1.0	4	-1	5	625	648	-0.08250946771427002	-0.3123320723586844	-6601.449331790124	4	12
trail_arm1.0_t1.0	5	-99	99	1325	1396	-0.08305068543232096	-0.3128721264586415	-6545.460851432665	1	13
trail_arm1.0_t1.0	4	-99	5	659	686	-0.08321258218240882	-0.31303367513071667	-6604.413682215744	2	12
trail_arm1.0_t1.0	3	-5	99	350	356	-0.08542297550672749	-0.31523931610938805	-6716.30433005618	1	10
trail_arm1.0_t1.0	3	-99	99	350	356	-0.08542297550672749	-0.31523931610938805	-6716.30433005618	1	10
trail_arm1.0_t1.0	3	-3	99	350	356	-0.08542297550672749	-0.31523931610938805	-6716.30433005618	1	10
trail_arm1.0_t1.0	3	-8	99	350	356	-0.08542297550672749	-0.31523931610938805	-6716.30433005618	1	10
trail_arm1.0_t1.0	5	-3	5	985	1036	-0.08635661404215333	-0.31617094732196277	-6616.892793243244	2	13
trail_arm1.0_t1.0	5	-1	5	931	975	-0.08811595134096264	-0.31792650204557954	-6661.572502358974	2	13
trail_arm1.0_t1.0	3	-1	99	336	342	-0.08917097928022863	-0.3189792616747761	-6796.403362573099	1	10
trail_arm1.0_t1.0	4	-5	99	815	844	-0.08961031335999946	-0.31941765118627546	-6738.54550592417	1	12
trail_arm1.0_t1.0	4	-8	99	815	844	-0.08961031335999946	-0.31941765118627546	-6738.54550592417	1	12
trail_arm1.0_t1.0	5	-3	99	1303	1366	-0.08992438027166126	-0.3197310428540772	-6692.3137800878485	1	13
trail_arm1.0_t1.0	4	-1	99	782	807	-0.08994497798349826	-0.31975159628083377	-6755.498083023544	2	12
trail_arm1.0_t1.0	3	-3	5	302	308	-0.09010822958918241	-0.31991449689556567	-6812.495493506494	1	10
trail_arm1.0_t1.0	3	-5	5	302	308	-0.09010822958918241	-0.31991449689556567	-6812.495493506494	1	10
trail_arm1.0_t1.0	3	-8	5	302	308	-0.09010822958918241	-0.31991449689556567	-6812.495493506494	1	10
trail_arm1.0_t1.0	3	-99	5	302	308	-0.09010822958918241	-0.31991449689556567	-6812.495493506494	1	10
trail_arm1.0_t1.0	4	-99	99	816	845	-0.09019166941400927	-0.3199977573247692	-6750.977008284024	1	12
trail_arm1.0_t1.0	5	0	5	856	891	-0.09087943208801817	-0.3206840413090289	-6725.441976206509	2	13
trail_arm1.0_t1.0	5	-1	99	1249	1305	-0.0914024555550611	-0.3212059402756177	-6729.220597394636	1	13
trail_arm1.0_t1.0	4	-3	5	654	679	-0.0920277925244063	-0.32182993277047883	-6798.785303387334	2	12
trail_arm1.0_t1.0	5	0	99	1174	1221	-0.09364369948942723	-0.32344236553552497	-6780.481974283374	2	13
trail_arm1.0_t1.0	4	0	5	582	599	-0.09429120916794553	-0.32408848306823446	-6846.9477487479135	3	12
trail_arm1.0_t1.0	5	-3	2	452	489	-0.09730383475348096	-0.327094631508761	-6851.161406952966	1	13
trail_arm1.0_t1.0	4	-3	99	811	838	-0.09738737463778359	-0.3271779917823124	-6909.693325775656	1	12
trail_arm1.0_t1.0	4	0	99	739	758	-0.09974216382357909	-0.3295277181713584	-6959.458426781002	2	12
trail_arm1.0_t1.0	3	0	99	314	317	-0.10213081260094067	-0.3319112313538487	-7074.451160883281	1	10
trail_arm1.0_t1.0	5	-1	2	398	428	-0.10282670663250945	-0.33260562921324954	-6986.332205607477	1	13
trail_arm1.0_t1.0	5	0	2	323	344	-0.11349080358266977	-0.343246798354967	-7231.06335755814	0	13
