portfolio	family	stop	take	cell	cagr_pct	mdd_pct	excess_month_mean_pct	excess_t	excess_2010_2017_pct	excess_2018_2026_pct	trades	open_at_end	win_rate_pct	net_mean_pct	net_median_pct	trade_t	stop_exits	take_exits	date_exits	delist_exits	minus_B1_pct	minus_B1_t	minus_B2_pct	minus_B2_t	pass_t	pass_neighbor	pass_halves	pass_mdd	pass_trades	verdict
cluster	W	5	10	손절5·익절10	-31.9395	99.8753	-3.0401	-5.6809	-3.5030	-2.6208	4970	1	32.7767	-0.6793	-5.3305	-6.9136	3158	1367	445	0	0.1143	0.2941	0.6294	1.5599	False	False	False	False	True	미달
cluster	W	5	15	손절5·익절15	-21.5128	98.8442	-1.7675	-2.9109	-1.9371	-1.6138	4892	1	28.4342	-0.4028	-5.3370	-3.3702	3281	974	637	0	0.9469	1.9106	0.8109	1.7145	False	False	False	False	True	미달
cluster	W	5	20	손절5·익절20	-19.0341	98.0453	-1.4303	-2.1236	-1.4866	-1.3792	4802	1	25.7185	-0.3193	-5.3403	-2.3471	3336	714	752	0	1.2085	2.1634	0.7576	1.4081	False	False	False	False	True	미달
cluster	W	5	0	손절5·익절없음	-34.6337	99.9375	-2.8751	-3.4484	-4.3757	-1.5161	4357	1	21.8269	-0.7258	-5.3451	-3.6957	3156	0	1201	0	0.1029	0.1503	0.4355	0.5594	False	False	False	False	True	미달
cluster	W	8	10	손절8·익절10	-28.3760	99.7150	-2.5286	-4.2821	-2.9486	-2.1483	4869	2	42.8425	-0.5700	-4.3584	-4.6617	2258	1727	883	1	0.4208	0.9236	1.0622	2.1769	False	False	False	False	True	미달
cluster	W	8	15	손절8·익절15	-18.7733	98.0208	-1.3473	-2.0107	-1.4096	-1.2908	4752	2	37.5421	-0.2979	-8.2614	-2.0274	2389	1217	1145	1	1.3322	2.3898	1.2924	2.2548	False	False	False	False	True	미달
cluster	W	8	20	손절8·익절20	-18.4987	97.9020	-1.1741	-1.5486	-0.9077	-1.4154	4633	2	34.2111	-0.2734	-8.2871	-1.6521	2433	881	1318	1	1.5617	2.4713	1.3484	2.1279	False	False	False	False	True	미달
cluster	W	8	0	손절8·익절없음	-38.1146	99.9689	-3.0936	-3.4507	-4.2229	-2.0709	4107	2	29.4132	-0.8406	-8.3064	-3.5787	2263	0	1843	1	0.0655	0.0894	1.2433	1.4049	False	False	False	False	True	미달
cluster	W	10	10	손절10·익절10	-27.2681	99.6324	-2.3514	-3.9123	-2.8764	-1.8760	4798	2	46.9362	-0.5315	-1.4495	-3.9539	1797	1856	1144	1	0.2873	0.6129	1.2705	2.4652	False	False	False	False	True	미달
cluster	W	10	15	손절10·익절15	-19.1561	98.2987	-1.3297	-1.9485	-1.4383	-1.2314	4662	2	41.1197	-0.3032	-3.7542	-1.8919	1909	1302	1450	1	1.1813	2.1039	1.5373	2.5134	False	False	False	False	True	미달
cluster	W	10	20	손절10·익절20	-19.7828	98.4662	-1.2342	-1.6030	-1.0970	-1.3584	4535	3	37.5965	-0.2908	-5.0997	-1.6166	1948	939	1647	1	1.3594	2.1391	1.8603	2.8173	False	False	False	False	True	미달
cluster	W	10	0	손절10·익절없음	-39.4371	99.9791	-3.1315	-3.2489	-4.5842	-1.8158	3977	3	32.6125	-0.8839	-6.4886	-3.4344	1780	0	2196	1	0.0062	0.0082	1.7107	1.8997	False	False	False	False	True	미달
cluster	W	0	10	손절없음·익절10	-28.1830	99.6213	-2.1884	-3.0151	-2.9452	-1.5030	4449	4	53.8098	-0.4915	1.9311	-2.7480	0	1974	2474	1	-0.3444	-0.5786	1.4891	2.3218	False	False	False	False	True	미달
cluster	W	0	15	손절없음·익절15	-28.4610	99.7184	-1.9633	-2.3876	-2.6268	-1.3623	4240	4	47.2170	-0.4586	-0.8772	-2.1732	0	1354	2885	1	0.0358	0.0514	2.0579	2.9516	False	False	False	False	True	미달
cluster	W	0	20	손절없음·익절20	-33.0893	99.9005	-2.3314	-2.6237	-3.2177	-1.5288	4080	4	43.4069	-0.5848	-1.9253	-2.4874	0	956	3123	1	-0.1864	-0.2483	2.2240	2.9080	False	False	False	False	True	미달
cluster	W	0	0	손절없음·익절없음	-50.4884	99.9993	-4.3687	-4.1664	-6.1263	-2.7770	3549	4	37.7853	-1.3933	-3.2650	-4.4488	0	0	3548	1	-1.6094	-1.9015	1.4060	1.5109	False	False	False	False	True	미달
cluster	P	5	10	손절5·익절10	-2.8920	40.5408	-0.3551	-0.7996	-0.2320	-0.4666	5060	1	31.4822	-0.6590	-5.3393	-6.4975	3467	1589	4	0	0.0656	1.8479	0.0813	2.1105	False	False	False	False	True	미달
cluster	P	5	15	손절5·익절15	-1.3245	23.7911	-0.2215	-0.5048	-0.0486	-0.3780	5060	1	25.4545	-0.3082	-5.3475	-2.4438	3771	1273	16	0	0.1767	3.7617	0.1237	2.4657	False	False	False	False	True	미달
cluster	P	5	20	손절5·익절20	-1.0773	22.3947	-0.1993	-0.4554	-0.0252	-0.3570	5060	1	21.1265	-0.1947	-5.3528	-1.3336	3990	1035	35	0	0.2098	3.6827	0.1154	1.9989	False	False	False	False	True	미달
cluster	P	5	0	손절5·익절없음	-7.1050	73.9936	-0.6912	-1.7283	-0.6630	-0.7168	5058	3	7.7896	-1.5702	-5.3672	-5.6639	4654	0	404	0	-0.0865	-0.7113	0.0854	0.6411	False	False	False	False	True	미달
cluster	P	8	10	손절8·익절10	-1.9632	30.2794	-0.2748	-0.6240	-0.1027	-0.4307	5059	2	43.4869	-0.5253	-8.3080	-4.0663	2854	2192	12	1	0.1581	3.2458	0.1590	3.1908	False	False	False	False	True	미달
cluster	P	8	15	손절8·익절15	-0.5717	14.3078	-0.1555	-0.3601	0.0513	-0.3427	5059	2	35.4220	-0.2407	-8.3224	-1.5195	3258	1763	37	1	0.2848	4.3952	0.2089	3.0294	False	False	False	True	True	미달
cluster	P	8	20	손절8·익절20	-0.1775	15.1586	-0.1196	-0.2803	0.1204	-0.3369	5058	3	29.8537	-0.1982	-8.3305	-1.0899	3536	1442	79	1	0.3523	4.4930	0.2151	2.6469	False	False	False	False	True	미달
cluster	P	8	0	손절8·익절없음	-8.4982	80.0921	-0.7764	-1.9452	-0.7759	-0.7768	5054	7	12.4060	-2.2683	-8.3523	-6.8297	4379	0	674	1	0.0081	0.0457	0.2389	1.2785	False	False	False	False	True	미달
cluster	P	10	10	손절10·익절10	-1.5418	24.7322	-0.2378	-0.5459	-0.0370	-0.4197	5059	2	49.4762	-0.4354	-10.2531	-3.0099	2544	2494	19	2	0.1751	2.9531	0.1726	2.8873	False	False	False	False	True	미달
cluster	P	10	15	손절10·익절15	-0.1934	15.8067	-0.1213	-0.2846	0.1210	-0.3407	5059	2	41.0160	-0.1251	-10.3058	-0.7083	2961	2038	58	2	0.3042	3.9660	0.2399	2.8736	False	False	False	False	True	미달
cluster	P	10	20	손절10·익절20	0.0022	17.3703	-0.1002	-0.2396	0.1397	-0.3176	5057	4	34.8823	-0.1110	-10.3160	-0.5482	3259	1676	120	2	0.3721	4.0651	0.2829	2.9712	False	False	False	False	True	미달
cluster	P	10	0	손절10·익절없음	-8.8006	80.0133	-0.7670	-1.8654	-0.9216	-0.6269	5052	9	16.1718	-2.3875	-10.3404	-6.4932	4139	0	911	2	0.0667	0.3063	0.3112	1.3804	False	False	False	False	True	미달
cluster	P	0	10	손절없음·익절10	-1.2458	31.8918	-0.1782	-0.5059	-0.0472	-0.2969	5041	20	74.0726	-0.3558	9.5447	-1.3171	0	3697	1340	4	0.0855	0.6944	0.3842	3.0317	False	False	False	False	True	미달
cluster	P	0	15	손절없음·익절15	-0.6806	45.1456	-0.0999	-0.3116	0.0758	-0.2591	5034	27	65.7926	-0.0382	14.4819	-0.1199	0	3205	1825	4	0.1813	1.1651	0.4620	2.8913	False	False	False	False	True	미달
cluster	P	0	20	손절없음·익절20	-1.3650	45.7190	-0.1135	-0.3666	0.0578	-0.2688	5027	34	58.3648	-0.4374	19.2534	-1.2183	0	2706	2317	4	0.2309	1.1757	0.5571	2.6349	False	False	False	False	True	미달
cluster	P	0	0	손절없음·익절없음	-21.7067	98.7868	-1.6302	-3.2157	-2.0048	-1.2909	5013	48	34.7696	-5.0136	-11.6749	-8.9221	0	0	5003	10	-0.5380	-1.3820	1.2792	3.7116	False	False	False	False	True	미달
B1	W	5	10	손절5·익절10	-31.7898	99.8400	-3.1544	-8.9749	-3.5137	-2.8290	42072	2	31.8026	-0.7976	-5.3306	-23.8879	26534	11264	4273	1										
B1	W	5	15	손절5·익절15	-28.1693	99.6288	-2.7144	-7.9219	-3.2727	-2.2088	39573	8	26.5509	-0.7297	-5.3378	-17.8678	26721	7473	5378	1										
B1	W	5	20	손절5·익절20	-27.6573	99.5798	-2.6387	-7.5979	-3.1401	-2.1847	37572	13	23.6639	-0.7521	-5.3416	-16.1151	26318	5230	6023	1										
B1	W	5	0	손절5·익절없음	-31.7272	99.8514	-2.9780	-7.3526	-3.3507	-2.6404	27859	20	19.5951	-1.1500	-5.3472	-13.2045	20314	0	7543	2										
B1	W	8	10	손절8·익절10	-30.4974	99.7822	-2.9495	-8.9478	-3.4159	-2.5271	38835	9	41.0145	-0.7979	-4.5722	-18.6280	17788	13394	7650	3										
B1	W	8	15	손절8·익절15	-28.4412	99.6513	-2.6795	-8.0361	-3.3162	-2.1029	35748	16	34.5278	-0.7903	-8.2665	-15.0600	18073	8816	8856	3										
B1	W	8	20	손절8·익절20	-29.1313	99.7000	-2.7359	-7.9231	-3.2289	-2.2894	33444	18	30.8785	-0.8658	-8.2979	-14.4111	17796	6129	9516	3										
B1	W	8	0	손절8·익절없음	-33.8139	99.9117	-3.1591	-7.7478	-3.4548	-2.8912	23504	27	25.8892	-1.4368	-8.3072	-12.6841	12976	0	10525	3										
B1	W	10	10	손절10·익절10	-27.9509	99.6154	-2.6387	-8.4339	-3.1170	-2.2055	37097	15	44.7772	-0.7415	-2.3688	-15.5207	13434	14020	9640	3										
B1	W	10	15	손절10·익절15	-27.1363	99.5425	-2.5110	-7.6880	-3.1256	-1.9543	33780	21	37.8005	-0.7799	-4.6488	-13.3063	13753	9185	10839	3										
B1	W	10	20	손절10·익절20	-28.1323	99.6292	-2.5936	-7.6549	-3.0911	-2.1430	31420	24	33.9402	-0.8672	-5.8347	-12.9009	13564	6396	11457	3										
B1	W	10	0	손절10·익절없음	-33.8839	99.9127	-3.1377	-7.3465	-3.4511	-2.8539	21773	31	28.3470	-1.5254	-6.7805	-12.0988	9689	0	12081	3										
B1	W	0	10	손절없음·익절10	-20.9477	98.3496	-1.8440	-6.4764	-2.0615	-1.6470	30966	22	51.6082	-0.6041	0.8534	-9.1520	0	13582	17381	3										
B1	W	0	15	손절없음·익절15	-22.9562	98.9199	-1.9990	-6.4358	-2.4037	-1.6326	27305	29	44.1531	-0.7429	-1.9218	-9.0848	0	8777	18525	3										
B1	W	0	20	손절없음·익절20	-24.5607	99.2266	-2.1451	-6.4502	-2.5372	-1.7900	25000	31	39.9040	-0.8780	-2.9686	-9.3428	0	6111	18886	3										
B1	W	0	0	손절없음·익절없음	-31.0050	99.8310	-2.7593	-6.3975	-2.9677	-2.5707	17443	34	33.0390	-1.6713	-3.9996	-10.2352	0	0	17439	4										
B1	P	5	10	손절5·익절10	-3.6511	46.5421	-0.4207	-0.9621	-0.3215	-0.5105	47484	3	30.2923	-0.8606	-5.3412	-26.2520	33082	14340	60	2										
B1	P	5	15	손절5·익절15	-3.3951	44.4607	-0.3982	-0.9254	-0.3124	-0.4758	47474	13	23.1685	-0.8035	-5.3513	-20.2040	36439	10842	191	2										
B1	P	5	20	손절5·익절20	-3.5325	46.0801	-0.4092	-0.9639	-0.3219	-0.4882	47467	20	18.7204	-0.8319	-5.3568	-18.3597	38528	8530	407	2										
B1	P	5	0	손절5·익절없음	-5.9518	66.3354	-0.6048	-1.6241	-0.5407	-0.6628	47420	67	8.9140	-1.4469	-5.3672	-16.8863	43059	0	4353	8										
B1	P	8	10	손절8·익절10	-3.8083	48.1434	-0.4329	-1.0214	-0.3391	-0.5179	47467	20	41.6626	-0.8864	-8.3119	-21.1176	27592	19672	199	4										
B1	P	8	15	손절8·익절15	-3.9138	49.9084	-0.4403	-1.0669	-0.3546	-0.5179	47450	37	32.7334	-0.9184	-8.3271	-18.1430	31719	15156	571	4										
B1	P	8	20	손절8·익절20	-4.3039	53.5438	-0.4719	-1.1704	-0.3768	-0.5579	47435	52	27.0749	-1.0142	-8.3349	-17.6804	34307	12067	1057	4										
B1	P	8	0	손절8·익절없음	-8.2022	78.2751	-0.7844	-2.3676	-0.6938	-0.8665	47367	120	14.4235	-1.9772	-8.3501	-18.8657	39936	0	7419	12										
B1	P	10	10	손절10·익절10	-3.5890	46.3925	-0.4129	-0.9979	-0.3097	-0.5064	47456	31	47.6420	-0.8315	-10.2719	-17.6746	24619	22439	390	8										
B1	P	10	15	손절10·익절15	-3.7681	49.4331	-0.4255	-1.0629	-0.3221	-0.5192	47436	51	38.2136	-0.8823	-10.3103	-15.5718	28880	17567	979	10										
B1	P	10	20	손절10·익절20	-4.3507	54.9848	-0.4724	-1.2164	-0.3657	-0.5690	47417	70	31.9843	-1.0336	-10.3199	-16.1248	31641	14041	1725	10										
B1	P	10	0	손절10·익절없음	-8.9326	81.3133	-0.8336	-2.6825	-0.7268	-0.9304	47330	157	18.2759	-2.1512	-10.3367	-18.6688	37493	0	9816	21										
B1	P	0	10	손절없음·익절10	-2.2023	43.1005	-0.2638	-0.9033	-0.0861	-0.4247	47344	143	69.4132	-0.5382	9.5292	-6.7138	0	32214	15110	20										
B1	P	0	15	손절없음·익절15	-2.6877	51.2041	-0.2813	-1.1418	-0.1005	-0.4449	47280	207	59.6891	-0.6348	14.3533	-6.6274	0	26468	20778	34										
B1	P	0	20	손절없음·익절20	-3.6882	60.7057	-0.3445	-1.6005	-0.1783	-0.4951	47236	251	52.7458	-0.8735	4.0784	-8.1101	0	21772	25427	37										
B1	P	0	0	손절없음·익절없음	-14.0759	94.1028	-1.0922	-5.5991	-0.9059	-1.2610	47071	416	35.8246	-3.0906	-9.2114	-18.7918	0	0	47005	66										
B2	W	5	10	손절5·익절10	-37.1384	99.9642	-3.6695	-7.0471	-4.1760	-3.2108	4979	0	30.7491	-0.8461	-5.3363	-8.4701	3383	1438	158	0										
B2	W	5	15	손절5·익절15	-28.5801	99.6834	-2.5783	-4.4952	-2.9281	-2.2616	4884	1	25.3481	-0.5946	-5.3432	-4.8226	3549	1056	279	0										
B2	W	5	20	손절5·익절20	-26.0185	99.4323	-2.1878	-3.4216	-2.0429	-2.3190	4771	1	22.0708	-0.5179	-5.3465	-3.6462	3609	797	365	0										
B2	W	5	0	손절5·익절없음	-40.3183	99.9863	-3.3106	-3.4060	-3.7773	-2.8880	3981	1	16.3024	-1.0730	-5.3537	-4.6926	3209	0	772	0										
B2	W	8	10	손절8·익절10	-37.5123	99.9669	-3.5908	-6.2514	-3.8942	-3.3160	4848	0	41.4398	-0.8516	-8.2988	-6.6698	2605	1867	376	0										
B2	W	8	15	손절8·익절15	-30.8419	99.8266	-2.6396	-4.0403	-2.5203	-2.7477	4686	1	34.6991	-0.6440	-8.3133	-4.1356	2777	1352	557	0										
B2	W	8	20	손절8·익절20	-30.7693	99.8248	-2.5226	-3.5385	-1.7533	-3.2193	4528	1	30.4108	-0.6430	-8.3197	-3.6115	2834	1003	691	0										
B2	W	8	0	손절8·익절없음	-49.5522	99.9991	-4.3369	-4.1137	-3.9488	-4.6884	3614	1	22.6342	-1.5683	-8.3274	-5.4389	2462	0	1152	0										
B2	W	10	10	손절10·익절10	-38.4880	99.9749	-3.6219	-5.8435	-3.9522	-3.3227	4769	1	46.1942	-0.8657	-4.1401	-6.0761	2185	2035	549	0										
B2	W	10	15	손절10·익절15	-33.5429	99.9164	-2.8670	-4.0612	-2.6681	-3.0471	4566	2	38.7867	-0.7175	-10.2650	-4.1428	2339	1463	764	0										
B2	W	10	20	손절10·익절20	-36.5006	99.9575	-3.0946	-4.0507	-2.3861	-3.7361	4377	3	33.9502	-0.8169	-10.2985	-4.1384	2393	1072	912	0										
B2	W	10	0	손절10·익절없음	-53.8546	99.9998	-4.8423	-4.2464	-4.6825	-4.9870	3420	3	25.6725	-1.8522	-10.3085	-5.8395	2044	0	1376	0										
B2	W	0	10	손절없음·익절10	-41.8969	99.9900	-3.6775	-4.5618	-4.0075	-3.3787	4143	3	56.6498	-0.9717	9.2764	-4.5303	0	2157	1986	0										
B2	W	0	15	손절없음·익절15	-46.6212	99.9977	-4.0212	-4.3491	-4.2536	-3.8106	3819	4	47.7874	-1.1657	-1.1192	-4.4785	0	1506	2313	0										
B2	W	0	20	손절없음·익절20	-50.9121	99.9994	-4.5554	-4.7320	-4.6883	-4.4351	3581	4	42.4183	-1.4162	-3.7449	-4.7801	0	1095	2486	0										
B2	W	0	0	손절없음·익절없음	-61.9610	100.0000	-5.7747	-4.4986	-6.2883	-5.3096	2735	4	32.1024	-2.7500	-6.2383	-6.1814	0	0	2735	0										
B2	P	5	10	손절5·익절10	-3.8430	48.8730	-0.4365	-0.9817	-0.3401	-0.5237	5056	0	30.1820	-0.8597	-5.3390	-8.5651	3530	1526	0	0										
B2	P	5	15	손절5·익절15	-2.7828	38.3181	-0.3452	-0.7777	-0.2477	-0.4336	5055	1	23.7982	-0.6051	-5.3472	-4.8631	3852	1203	0	0										
B2	P	5	20	손절5·익절20	-2.4364	34.5240	-0.3147	-0.7143	-0.2040	-0.4150	5055	1	19.5450	-0.4825	-5.3529	-3.3381	4067	988	0	0										
B2	P	5	0	손절5·익절없음	-8.1722	80.1438	-0.7766	-1.8747	-0.8570	-0.7038	5054	2	5.4610	-1.8211	-5.3672	-5.8515	4771	0	283	0										
B2	P	8	10	손절8·익절10	-3.8281	48.7043	-0.4338	-0.9894	-0.3130	-0.5432	5055	1	41.5628	-0.8815	-8.3122	-6.8478	2954	2101	0	0										
B2	P	8	15	손절8·익절15	-3.0354	40.9618	-0.3643	-0.8368	-0.2298	-0.4862	5054	2	33.2014	-0.7114	-8.3255	-4.5250	3376	1678	0	0										
B2	P	8	20	손절8·익절20	-2.7102	37.7124	-0.3346	-0.7755	-0.1712	-0.4826	5054	2	27.7602	-0.5996	-8.3331	-3.3049	3651	1400	3	0										
B2	P	8	0	손절8·익절없음	-11.2070	89.5454	-1.0152	-2.4749	-1.0492	-0.9845	5052	4	8.8282	-2.6184	-8.3549	-6.7607	4584	0	468	0										
B2	P	10	10	손절10·익절10	-3.5701	46.1811	-0.4104	-0.9439	-0.2761	-0.5321	5054	2	47.5861	-0.8339	-10.2763	-5.7572	2649	2405	0	0										
B2	P	10	15	손절10·익절15	-3.0176	40.5864	-0.3612	-0.8360	-0.2322	-0.4780	5053	3	38.5316	-0.7132	-10.3108	-4.0451	3105	1941	7	0										
B2	P	10	20	손절10·익절20	-3.3178	43.6525	-0.3831	-0.9001	-0.2370	-0.5155	5052	4	32.0467	-0.7771	-10.3207	-3.8478	3428	1608	16	0										
B2	P	10	0	손절10·익절없음	-12.2534	91.4149	-1.0782	-2.5564	-1.2371	-0.9342	5048	8	11.4105	-3.1527	-10.3453	-7.5290	4427	0	621	0										
B2	P	0	10	손절없음·익절10	-5.8551	65.9175	-0.5624	-1.5036	-0.5783	-0.5480	5038	18	74.2557	-1.3302	9.5485	-4.5279	0	3728	1310	0										
B2	P	0	15	손절없음·익절15	-6.2208	71.2420	-0.5619	-1.5440	-0.7225	-0.4165	5031	25	65.1759	-1.5230	14.4997	-4.3906	0	3241	1790	0										
B2	P	0	20	손절없음·익절20	-7.8633	76.9644	-0.6706	-1.7535	-0.9150	-0.4493	5023	33	57.2964	-2.1347	19.3135	-5.4862	0	2799	2224	0										
B2	P	0	0	손절없음·익절없음	-33.9408	99.9294	-2.9094	-4.9593	-3.4801	-2.3924	5008	48	29.2732	-8.2734	-17.4516	-13.3432	0	0	5000	8										
