family	measure	count	p10	p25	p50	p75	p90
W	MAE	3549	-23.2426	-15.8000	-8.9217	-4.5064	-1.9256
W	MFE	3549	0.9669	3.1447	7.9293	18.1467	35.1915
W	이긴 매매 고점 전 MAE	1341	-11.2844	-6.6813	-3.5568	-1.6722	-0.6459
W	이긴 매매 MFE	1341	5.3042	9.5012	17.7138	32.9396	57.7465
W	진 매매 MFE	2208	0.4004	1.7677	4.6254	9.8353	18.2802
W	MFE ≥ +10% 비율(%)	3549			42.7726		
W	MFE ≥ +15% 비율(%)	3549			30.4311		
W	MFE ≥ +20% 비율(%)	3549			22.1753		
W	MAE ≤ −5% 비율(%)	3549			72.4711		
W	이긴 매매 중 고점 전 MAE ≤ −5% 비율(%)	1341			36.9128		
W	MAE ≤ −8% 비율(%)	3549			54.6915		
W	이긴 매매 중 고점 전 MAE ≤ −8% 비율(%)	1341			18.8665		
W	MAE ≤ −10% 비율(%)	3549			44.6886		
W	이긴 매매 중 고점 전 MAE ≤ −10% 비율(%)	1341			12.2297		
P	MAE	5013	-49.5065	-38.4988	-25.7958	-13.3201	-6.0029
P	MFE	5013	3.1562	9.2888	22.2892	46.7652	86.3336
P	이긴 매매 고점 전 MAE	1743	-26.0705	-16.2378	-9.0683	-4.0224	-1.7055
P	이긴 매매 MFE	1743	17.7333	28.9294	51.2987	87.8436	139.2610
P	진 매매 MFE	3270	1.9861	5.6995	13.7239	26.8488	45.4600
P	MFE ≥ +10% 비율(%)	5013			73.1897		
P	MFE ≥ +15% 비율(%)	5013			63.5149		
P	MFE ≥ +20% 비율(%)	5013			53.6804		
P	MAE ≤ −5% 비율(%)	5013			91.9410		
P	이긴 매매 중 고점 전 MAE ≤ −5% 비율(%)	1743			69.4205		
P	MAE ≤ −8% 비율(%)	5013			86.5350		
P	이긴 매매 중 고점 전 MAE ≤ −8% 비율(%)	1743			55.1922		
P	MAE ≤ −10% 비율(%)	5013			81.7674		
P	이긴 매매 중 고점 전 MAE ≤ −10% 비율(%)	1743			45.1520		
