set	target	score	rows	days	ic	mean_all_pct	mean_low10_pct	mean_low20_pct	mean_top20_pct	halt_share_pct	mean_when_halted_pct	mean_scale	scaled_net_pct_per_row	scaled_net_per_exposure_pct
daily_test_2023-2026	target	now	913	913	0.0001	-0.0667	-0.2566	-0.162	0.1331	7.89	-0.4625	0.683	-0.165	-0.2417
daily_test_2023-2026	target	new_ridge	913	913	0.0413	-0.0667	0.0435	0.0593	0.0008	3.72	-0.0797	0.684	-0.1958	-0.2864
daily_test_2023-2026	target	new_sign	913	913	0.0468	-0.0667	0.1427	-0.0043	-0.1186	4.38	0.1075	0.685	-0.203	-0.2965
daily_test_2023-2026	target_next	now	912	912	-0.012	0.0263	0.2368	0.215	0.194	7.89	0.3125	0.683	-0.147	-0.2153
daily_test_2023-2026	target_next	new_ridge	912	912	0.0789	0.0263	-0.1853	-0.0828	0.1566	3.73	-0.5955	0.684	-0.0981	-0.1435
daily_test_2023-2026	target_next	new_sign	912	912	0.0793	0.0263	-0.2649	-0.1532	0.225	4.39	-0.1853	0.685	-0.0938	-0.137
hourly_test_last_third	target	now	1161	194	0.0306	-0.0182	-0.3801	-0.3259	0.1593	14.64	-0.4022	0.653	-0.097	-0.1484
hourly_test_last_third	target	new_ridge	1161	194	0.0885	-0.0182	-0.9112	-0.5113	0.1946	9.91	-0.9425	0.654	-0.0747	-0.1142
hourly_test_last_third	target	new_sign	1161	194	0.0762	-0.0182	-0.5661	-0.3403	0.2731	8.61	-0.6042	0.675	-0.0963	-0.1427
hourly_test_last_third	target_next	now	1155	193	-0.0171	0.1189	0.9018	0.1839	0.0545	14.72	0.6196	0.653	-0.0915	-0.1403
hourly_test_last_third	target_next	new_ridge	1155	193	0.0175	0.1189	-0.7773	-0.2955	0.2015	9.96	-0.835	0.654	-0.0077	-0.0118
hourly_test_last_third	target_next	new_sign	1155	193	0.0026	0.1189	0.0818	0.2999	0.411	8.66	0.1884	0.674	-0.0707	-0.1048
hourly_test_last_third	devscale_to_close_net	now	1131	193	0.0077	-0.1052	-0.3117	-0.2877	-0.0171	15.03	-0.3177	0.647	-0.0357	-0.0551
hourly_test_last_third	devscale_to_close_net	new_ridge	1131	193	0.0403	-0.1052	-0.5722	-0.4244	0.1016	9.9	-0.5975	0.65	-0.0224	-0.0344
hourly_test_last_third	devscale_to_close_net	new_sign	1131	193	0.0043	-0.1052	-0.4872	-0.2011	0.1964	8.75	-0.5661	0.671	-0.049	-0.073
hourly_test_last_third	ew_to_close	now	1161	194	-0.0089	-0.0343	-0.2389	-0.2067	0.0091	14.64	-0.2612	0.653	-0.1331	-0.2037
hourly_test_last_third	ew_to_close	new_ridge	1161	194	0.0655	-0.0343	-0.5799	-0.345	0.134	9.91	-0.6066	0.654	-0.1126	-0.1721
hourly_test_last_third	ew_to_close	new_sign	1161	194	0.0514	-0.0343	-0.3749	-0.1824	0.2378	8.61	-0.4138	0.675	-0.1326	-0.1966
breadth_window_no_breadth	target	now	526	88	0.0312	-0.1267	-0.5602	-0.4089	0.0483	14.07	-0.5602	0.657	-0.176	-0.268
breadth_window_no_breadth	target	new_ridge	526	88	0.038	-0.1267	-0.8692	-0.614	0.071	16.16	-0.7796	0.585	-0.1529	-0.2613
breadth_window_no_breadth	target	new_sign	526	88	0.0287	-0.1267	-0.485	-0.4723	0.0694	15.97	-0.5031	0.599	-0.1679	-0.2801
breadth_window_no_breadth	devscale_to_close_net	now	496	87	-0.0295	-0.2433	-0.6129	-0.357	-0.2859	14.92	-0.4625	0.642	-0.1571	-0.2446
breadth_window_no_breadth	devscale_to_close_net	new_ridge	496	87	-0.0738	-0.2433	-0.6138	-0.304	-0.154	16.53	-0.342	0.573	-0.1592	-0.2778
breadth_window_no_breadth	devscale_to_close_net	new_sign	496	87	-0.0759	-0.2433	-0.2606	-0.2497	-0.2188	16.33	-0.2102	0.589	-0.1603	-0.272
breadth_window_no_breadth	ew_to_close	now	526	88	-0.0125	-0.1234	-0.3028	-0.1984	-0.1235	14.07	-0.3028	0.657	-0.2088	-0.318
breadth_window_no_breadth	ew_to_close	new_ridge	526	88	0.0029	-0.1234	-0.4276	-0.2716	0.0458	16.16	-0.3284	0.585	-0.1911	-0.3266
breadth_window_no_breadth	ew_to_close	new_sign	526	88	0.0154	-0.1234	-0.1309	-0.1552	0.105	15.97	-0.1507	0.599	-0.1962	-0.3274
breadth_window_with_breadth	target	now	526	88	0.0312	-0.1267	-0.5602	-0.4089	0.0483	14.07	-0.5602	0.657	-0.176	-0.268
breadth_window_with_breadth	target	new_ridge	526	88	0.0414	-0.1267	-0.3559	-0.5877	0.0999	19.01	-0.6041	0.578	-0.155	-0.2684
breadth_window_with_breadth	target	new_sign	526	88	-0.011	-0.1267	-0.3024	-0.2891	-0.0014	19.39	-0.2958	0.585	-0.1971	-0.3371
breadth_window_with_breadth	devscale_to_close_net	now	496	87	-0.0295	-0.2433	-0.6129	-0.357	-0.2859	14.92	-0.4625	0.642	-0.1571	-0.2446
breadth_window_with_breadth	devscale_to_close_net	new_ridge	496	87	-0.0616	-0.2433	0.0073	-0.2291	-0.2056	19.56	-0.2895	0.566	-0.1626	-0.2873
breadth_window_with_breadth	devscale_to_close_net	new_sign	496	87	-0.1313	-0.2433	0.0512	-0.071	-0.269	19.96	-0.0655	0.574	-0.2109	-0.3677
breadth_window_with_breadth	ew_to_close	now	526	88	-0.0125	-0.1234	-0.3028	-0.1984	-0.1235	14.07	-0.3028	0.657	-0.2088	-0.318
breadth_window_with_breadth	ew_to_close	new_ridge	526	88	-0.0029	-0.1234	0.0999	-0.2538	0.0553	19.01	-0.2597	0.578	-0.1988	-0.3441
breadth_window_with_breadth	ew_to_close	new_sign	526	88	-0.0281	-0.1234	0.1291	-0.021	0.0204	19.39	0.0022	0.585	-0.229	-0.3916
