set	score	decile	rows	score_lo	score_hi	score_now_mean	target_mean	target_hit	target_next_mean	target_next_hit	devscale_to_close_net_mean	devscale_to_close_net_hit	ew_to_close_mean	ew_to_close_hit
daily_oos_2018-2026	oos_points	1	215	-19.34	-4.84	-1.95	-0.4993	0.423	-0.4805	0.447				
daily_oos_2018-2026	oos_points	2	214	-4.83	-2.95	0.33	-0.2198	0.435	-0.2006	0.472				
daily_oos_2018-2026	oos_points	3	215	-2.95	-1.85	1.37	-0.0766	0.47	-0.1135	0.479				
daily_oos_2018-2026	oos_points	4	214	-1.85	-0.8	0.73	-0.1135	0.425	-0.1679	0.533				
daily_oos_2018-2026	oos_points	5	215	-0.79	0.08	0.92	-0.0507	0.498	-0.0371	0.521				
daily_oos_2018-2026	oos_points	6	214	0.08	0.99	0.75	-0.0191	0.5	0.0547	0.507				
daily_oos_2018-2026	oos_points	7	214	1.0	2.03	0.06	0.0316	0.621	0.1641	0.598				
daily_oos_2018-2026	oos_points	8	215	2.04	3.27	0.12	-0.0448	0.516	0.1184	0.567				
daily_oos_2018-2026	oos_points	9	214	3.27	5.3	0.62	0.0739	0.547	0.2376	0.607				
daily_oos_2018-2026	oos_points	10	215	5.32	14.85	0.32	0.1366	0.614	0.0244	0.563				
daily_oos_2018-2026	score_now	1	215	-12.0	-6.0	-7.75	-0.0468	0.54	0.0647	0.521				
daily_oos_2018-2026	score_now	2	214	-6.0	-3.0	-4.21	-0.0809	0.537	-0.0337	0.547				
daily_oos_2018-2026	score_now	3	215	-3.0	-1.0	-2.21	-0.1791	0.488	-0.1475	0.558				
daily_oos_2018-2026	score_now	4	214	-1.0	0.0	-0.74	-0.2021	0.477	-0.1935	0.5				
daily_oos_2018-2026	score_now	5	215	0.0	0.0	0.0	-0.111	0.484	-0.1982	0.465				
daily_oos_2018-2026	score_now	6	214	0.0	1.0	0.9	-0.1366	0.472	-0.0117	0.523				
daily_oos_2018-2026	score_now	7	214	1.0	3.0	1.82	-0.035	0.533	0.0821	0.568				
daily_oos_2018-2026	score_now	8	215	3.0	4.0	3.34	-0.0373	0.498	-0.0468	0.502				
daily_oos_2018-2026	score_now	9	214	4.0	6.0	4.79	-0.052	0.537	-0.1648	0.523				
daily_oos_2018-2026	score_now	10	215	6.0	12.0	7.35	0.0979	0.484	0.2473	0.586				
hourly_oos	oos_points	1	199	-16.12	-5.46	-8.08	-0.5334	0.437	-0.3344	0.553	-0.4343	0.424	-0.3838	0.446
hourly_oos	oos_points	2	198	-5.45	-2.4	-4.45	-0.034	0.515	0.5654	0.566	-0.1804	0.466	-0.0717	0.521
hourly_oos	oos_points	3	198	-2.39	-0.9	-1.81	0.2554	0.646	0.5803	0.677	0.0425	0.487	0.1651	0.609
hourly_oos	oos_points	4	198	-0.89	0.09	-0.22	0.0363	0.621	-0.0117	0.631	-0.073	0.459	0.0039	0.632
hourly_oos	oos_points	5	198	0.09	0.99	0.73	-0.0158	0.515	0.1269	0.641	-0.2351	0.396	-0.0558	0.443
hourly_oos	oos_points	6	198	0.99	1.91	2.04	-0.0112	0.576	-0.1706	0.624	-0.2375	0.333	-0.1007	0.52
hourly_oos	oos_points	7	198	1.92	2.94	3.21	0.0472	0.601	0.466	0.668	0.0087	0.415	-0.04	0.536
hourly_oos	oos_points	8	198	2.95	4.14	3.42	0.1518	0.596	0.4589	0.641	-0.0131	0.471	0.1912	0.579
hourly_oos	oos_points	9	198	4.15	6.17	4.68	0.0775	0.616	0.2851	0.652	-0.0114	0.44	0.0435	0.62
hourly_oos	oos_points	10	199	6.17	16.24	7.52	0.2354	0.683	0.1922	0.673	0.2304	0.521	0.1729	0.68
hourly_oos	score_now	1	199	-15.0	-7.0	-9.5	-0.2456	0.523	0.8052	0.623	-0.297	0.45	-0.1855	0.522
hourly_oos	score_now	2	198	-7.0	-4.0	-5.56	-0.1485	0.53	-0.0422	0.591	-0.3197	0.41	-0.1934	0.471
hourly_oos	score_now	3	198	-4.0	-2.0	-2.81	0.1277	0.586	0.3789	0.687	-0.0247	0.425	0.1145	0.582
hourly_oos	score_now	4	198	-2.0	0.0	-0.94	0.0395	0.571	0.1924	0.675	0.0764	0.534	-0.0283	0.592
hourly_oos	score_now	5	198	0.0	1.0	0.33	0.0388	0.606	0.0227	0.571	-0.0809	0.511	0.0425	0.627
hourly_oos	score_now	6	198	1.0	2.0	1.59	0.1366	0.672	0.4506	0.692	-0.0426	0.408	0.0964	0.562
hourly_oos	score_now	7	198	2.0	4.0	3.05	0.0748	0.616	0.1469	0.628	-0.186	0.364	0.0408	0.572
hourly_oos	score_now	8	198	4.0	5.0	4.69	0.0124	0.601	0.0863	0.631	0.1211	0.521	0.06	0.624
hourly_oos	score_now	9	198	6.0	8.0	6.7	0.0164	0.556	0.0732	0.636	-0.0971	0.444	-0.0611	0.497
hourly_oos	score_now	10	199	8.0	14.0	9.49	0.156	0.548	0.047	0.593	-0.0107	0.389	0.0149	0.545
