branch	target	feature	session	rows	ic
daily	target	z_NQ_F	all	2882	-0.0408
daily	target	z_NQ_F	open	2882	-0.0408
daily	target	z_ES_F	all	2882	-0.0294
daily	target	z_ES_F	open	2882	-0.0294
daily	target	z_TNX10	all	2882	-0.0768
daily	target	z_TNX10	open	2882	-0.0768
daily	target	z_VIX	all	2882	0.0314
daily	target	z_VIX	open	2882	0.0314
daily	target	z_WTI	all	2882	0.0054
daily	target	z_WTI	open	2882	0.0054
daily	target	z_USDKRW_prev	all	2882	-0.0385
daily	target	z_USDKRW_prev	open	2882	-0.0385
daily	target	z_KOSPI_gap	all	2882	0.0553
daily	target	z_KOSPI_gap	open	2882	0.0553
daily	target	z_KOSDAQ_gap	all	2882	0.0405
daily	target	z_KOSDAQ_gap	open	2882	0.0405
daily	target	z_KOSPI_prevday	all	2882	0.0251
daily	target	z_KOSPI_prevday	open	2882	0.0251
daily	target	score_now	all	2882	-0.0028
daily	target	score_now	open	2882	-0.0028
daily	target_next	z_NQ_F	all	2881	-0.0257
daily	target_next	z_NQ_F	open	2881	-0.0257
daily	target_next	z_ES_F	all	2881	-0.0151
daily	target_next	z_ES_F	open	2881	-0.0151
daily	target_next	z_TNX10	all	2881	-0.0666
daily	target_next	z_TNX10	open	2881	-0.0666
daily	target_next	z_VIX	all	2881	0.0027
daily	target_next	z_VIX	open	2881	0.0027
daily	target_next	z_WTI	all	2881	0.001
daily	target_next	z_WTI	open	2881	0.001
daily	target_next	z_USDKRW_prev	all	2881	-0.0743
daily	target_next	z_USDKRW_prev	open	2881	-0.0743
daily	target_next	z_KOSPI_gap	all	2881	0.0657
daily	target_next	z_KOSPI_gap	open	2881	0.0657
daily	target_next	z_KOSDAQ_gap	all	2881	0.0535
daily	target_next	z_KOSDAQ_gap	open	2881	0.0535
daily	target_next	z_KOSPI_prevday	all	2881	0.0321
daily	target_next	z_KOSPI_prevday	open	2881	0.0321
daily	target_next	score_now	all	2881	0.0095
daily	target_next	score_now	open	2881	0.0095
hourly	target	z_NQ_F	all	3480	0.0205
hourly	target	z_NQ_F	afternoon	1743	0.029
hourly	target	z_NQ_F	morning	1156	0.0455
hourly	target	z_NQ_F	open	581	-0.025
hourly	target	z_ES_F	all	3480	0.0212
hourly	target	z_ES_F	afternoon	1743	0.0307
hourly	target	z_ES_F	morning	1156	0.0465
hourly	target	z_ES_F	open	581	-0.0277
hourly	target	z_TNX10	all	3480	0.0427
hourly	target	z_TNX10	afternoon	1743	0.0316
hourly	target	z_TNX10	morning	1156	0.0587
hourly	target	z_TNX10	open	581	0.0435
hourly	target	z_VIX	all	3480	-0.0011
hourly	target	z_VIX	afternoon	1743	0.001
hourly	target	z_VIX	morning	1156	-0.0164
hourly	target	z_VIX	open	581	0.0138
hourly	target	z_WTI	all	3480	0.0066
hourly	target	z_WTI	afternoon	1743	0.0089
hourly	target	z_WTI	morning	1156	0.0028
hourly	target	z_WTI	open	581	0.0081
hourly	target	z_USDKRW	all	3480	-0.0353
hourly	target	z_USDKRW	afternoon	1743	-0.0477
hourly	target	z_USDKRW	morning	1156	-0.0327
hourly	target	z_USDKRW	open	581	-0.0239
hourly	target	z_NQ_intra	all	3480	0.0505
hourly	target	z_NQ_intra	afternoon	1743	0.0674
hourly	target	z_NQ_intra	morning	1156	0.0585
hourly	target	z_NQ_intra	open	581	
hourly	target	z_KOSPI_ret	all	3480	0.1006
hourly	target	z_KOSPI_ret	afternoon	1743	0.1158
hourly	target	z_KOSPI_ret	morning	1156	0.1086
hourly	target	z_KOSPI_ret	open	581	0.0798
hourly	target	z_KOSDAQ_ret	all	3480	0.1051
hourly	target	z_KOSDAQ_ret	afternoon	1743	0.1081
hourly	target	z_KOSDAQ_ret	morning	1156	0.1076
hourly	target	z_KOSDAQ_ret	open	581	0.1367
hourly	target	z_gap	all	3480	0.1149
hourly	target	z_gap	afternoon	1743	0.1194
hourly	target	z_gap	morning	1156	0.1255
hourly	target	z_gap	open	581	0.109
hourly	target	z_since_open	all	3480	0.08
hourly	target	z_since_open	afternoon	1743	0.0972
hourly	target	z_since_open	morning	1156	0.0874
hourly	target	z_since_open	open	581	
hourly	target	z_dd_high	all	3480	0.0305
hourly	target	z_dd_high	afternoon	1743	0.0491
hourly	target	z_dd_high	morning	1156	0.062
hourly	target	z_dd_high	open	581	
hourly	target	z_twap_dist	all	3480	0.0797
hourly	target	z_twap_dist	afternoon	1743	0.1002
hourly	target	z_twap_dist	morning	1156	0.0835
hourly	target	z_twap_dist	open	581	
hourly	target	score_now	all	3480	0.0518
hourly	target	score_now	afternoon	1743	0.0739
hourly	target	score_now	morning	1156	0.0641
hourly	target	score_now	open	581	0.0042
hourly	target_next	z_NQ_F	all	3474	-0.0429
hourly	target_next	z_NQ_F	afternoon	1740	-0.0522
hourly	target_next	z_NQ_F	morning	1154	-0.0362
hourly	target_next	z_NQ_F	open	580	-0.0311
hourly	target_next	z_ES_F	all	3474	-0.0606
hourly	target_next	z_ES_F	afternoon	1740	-0.0742
hourly	target_next	z_ES_F	morning	1154	-0.0496
hourly	target_next	z_ES_F	open	580	-0.0446
hourly	target_next	z_TNX10	all	3474	-0.0088
hourly	target_next	z_TNX10	afternoon	1740	-0.0228
hourly	target_next	z_TNX10	morning	1154	0.0053
hourly	target_next	z_TNX10	open	580	0.0036
hourly	target_next	z_VIX	all	3474	0.0615
hourly	target_next	z_VIX	afternoon	1740	0.0673
hourly	target_next	z_VIX	morning	1154	0.065
hourly	target_next	z_VIX	open	580	0.0384
hourly	target_next	z_WTI	all	3474	0.049
hourly	target_next	z_WTI	afternoon	1740	0.0606
hourly	target_next	z_WTI	morning	1154	0.0379
hourly	target_next	z_WTI	open	580	0.0367
hourly	target_next	z_USDKRW	all	3474	0.0205
hourly	target_next	z_USDKRW	afternoon	1740	0.0255
hourly	target_next	z_USDKRW	morning	1154	0.0209
hourly	target_next	z_USDKRW	open	580	0.0038
hourly	target_next	z_NQ_intra	all	3474	-0.005
hourly	target_next	z_NQ_intra	afternoon	1740	-0.0258
hourly	target_next	z_NQ_intra	morning	1154	0.0245
hourly	target_next	z_NQ_intra	open	580	
hourly	target_next	z_KOSPI_ret	all	3474	0.0343
hourly	target_next	z_KOSPI_ret	afternoon	1740	0.019
hourly	target_next	z_KOSPI_ret	morning	1154	0.0449
hourly	target_next	z_KOSPI_ret	open	580	0.0626
hourly	target_next	z_KOSDAQ_ret	all	3474	0.057
hourly	target_next	z_KOSDAQ_ret	afternoon	1740	0.0402
hourly	target_next	z_KOSDAQ_ret	morning	1154	0.0686
hourly	target_next	z_KOSDAQ_ret	open	580	0.1008
hourly	target_next	z_gap	all	3474	0.042
hourly	target_next	z_gap	afternoon	1740	0.0289
hourly	target_next	z_gap	morning	1154	0.0405
hourly	target_next	z_gap	open	580	0.0824
hourly	target_next	z_since_open	all	3474	0.0406
hourly	target_next	z_since_open	afternoon	1740	0.0317
hourly	target_next	z_since_open	morning	1154	0.0739
hourly	target_next	z_since_open	open	580	
hourly	target_next	z_dd_high	all	3474	-0.0023
hourly	target_next	z_dd_high	afternoon	1740	-0.0182
hourly	target_next	z_dd_high	morning	1154	0.0513
hourly	target_next	z_dd_high	open	580	
hourly	target_next	z_twap_dist	all	3474	0.0284
hourly	target_next	z_twap_dist	afternoon	1740	0.0012
hourly	target_next	z_twap_dist	morning	1154	0.0769
hourly	target_next	z_twap_dist	open	580	
hourly	target_next	score_now	all	3474	-0.037
hourly	target_next	score_now	afternoon	1740	-0.0446
hourly	target_next	score_now	morning	1154	-0.0279
hourly	target_next	score_now	open	580	-0.0355
breadth	target	z_NQ_F	all	1568	0.0072
breadth	target	z_NQ_F	afternoon	786	-0.0065
breadth	target	z_NQ_F	morning	520	0.0311
breadth	target	z_NQ_F	open	262	0.0223
breadth	target	z_ES_F	all	1568	0.0111
breadth	target	z_ES_F	afternoon	786	-0.0024
breadth	target	z_ES_F	morning	520	0.0361
breadth	target	z_ES_F	open	262	0.0145
breadth	target	z_TNX10	all	1568	0.0503
breadth	target	z_TNX10	afternoon	786	0.0434
breadth	target	z_TNX10	morning	520	0.0558
breadth	target	z_TNX10	open	262	0.0515
breadth	target	z_VIX	all	1568	0.0232
breadth	target	z_VIX	afternoon	786	0.0498
breadth	target	z_VIX	morning	520	0.0128
breadth	target	z_VIX	open	262	-0.0222
breadth	target	z_WTI	all	1568	0.0016
breadth	target	z_WTI	afternoon	786	0.0003
breadth	target	z_WTI	morning	520	-0.0229
breadth	target	z_WTI	open	262	0.0463
breadth	target	z_USDKRW	all	1568	-0.0402
breadth	target	z_USDKRW	afternoon	786	-0.0436
breadth	target	z_USDKRW	morning	520	-0.033
breadth	target	z_USDKRW	open	262	-0.0554
breadth	target	z_NQ_intra	all	1568	0.0262
breadth	target	z_NQ_intra	afternoon	786	0.0411
breadth	target	z_NQ_intra	morning	520	0.0389
breadth	target	z_NQ_intra	open	262	
breadth	target	z_KOSPI_ret	all	1568	0.0678
breadth	target	z_KOSPI_ret	afternoon	786	0.0612
breadth	target	z_KOSPI_ret	morning	520	0.0997
breadth	target	z_KOSPI_ret	open	262	0.0675
breadth	target	z_KOSDAQ_ret	all	1568	0.0978
breadth	target	z_KOSDAQ_ret	afternoon	786	0.0796
breadth	target	z_KOSDAQ_ret	morning	520	0.1005
breadth	target	z_KOSDAQ_ret	open	262	0.196
breadth	target	z_gap	all	1568	0.095
breadth	target	z_gap	afternoon	786	0.0676
breadth	target	z_gap	morning	520	0.1274
breadth	target	z_gap	open	262	0.1232
breadth	target	z_since_open	all	1568	0.0503
breadth	target	z_since_open	afternoon	786	0.0756
breadth	target	z_since_open	morning	520	0.0393
breadth	target	z_since_open	open	262	
breadth	target	z_dd_high	all	1568	0.0052
breadth	target	z_dd_high	afternoon	786	-0.0022
breadth	target	z_dd_high	morning	520	0.03
breadth	target	z_dd_high	open	262	
breadth	target	z_twap_dist	all	1568	0.0492
breadth	target	z_twap_dist	afternoon	786	0.0707
breadth	target	z_twap_dist	morning	520	0.0495
breadth	target	z_twap_dist	open	262	
breadth	target	breadth_up	all	1568	0.0328
breadth	target	breadth_up	afternoon	786	0.0113
breadth	target	breadth_up	morning	520	0.0521
breadth	target	breadth_up	open	262	0.065
breadth	target	breadth_below_vwap	all	1306	-0.0336
breadth	target	breadth_below_vwap	afternoon	786	-0.0387
breadth	target	breadth_below_vwap	morning	520	-0.0282
breadth	target	breadth_below_vwap	open	0	
breadth	target	breadth_median_ret	all	1568	0.0405
breadth	target	breadth_median_ret	afternoon	786	0.0199
breadth	target	breadth_median_ret	morning	520	0.0597
breadth	target	breadth_median_ret	open	262	0.0828
breadth	target	score_now	all	1568	0.0272
breadth	target	score_now	afternoon	786	0.0187
breadth	target	score_now	morning	520	0.0437
breadth	target	score_now	open	262	0.0529
breadth	devscale_to_close_net	z_NQ_F	all	1538	0.0163
breadth	devscale_to_close_net	z_NQ_F	afternoon	772	0.0073
breadth	devscale_to_close_net	z_NQ_F	morning	511	0.0418
breadth	devscale_to_close_net	z_NQ_F	open	255	0.0096
breadth	devscale_to_close_net	z_ES_F	all	1538	0.0322
breadth	devscale_to_close_net	z_ES_F	afternoon	772	0.0174
breadth	devscale_to_close_net	z_ES_F	morning	511	0.0499
breadth	devscale_to_close_net	z_ES_F	open	255	0.0425
breadth	devscale_to_close_net	z_TNX10	all	1538	0.0423
breadth	devscale_to_close_net	z_TNX10	afternoon	772	-0.0156
breadth	devscale_to_close_net	z_TNX10	morning	511	0.0772
breadth	devscale_to_close_net	z_TNX10	open	255	0.1053
breadth	devscale_to_close_net	z_VIX	all	1538	-0.0517
breadth	devscale_to_close_net	z_VIX	afternoon	772	-0.0498
breadth	devscale_to_close_net	z_VIX	morning	511	-0.0665
breadth	devscale_to_close_net	z_VIX	open	255	-0.0354
breadth	devscale_to_close_net	z_WTI	all	1538	-0.0142
breadth	devscale_to_close_net	z_WTI	afternoon	772	0.0009
breadth	devscale_to_close_net	z_WTI	morning	511	-0.0648
breadth	devscale_to_close_net	z_WTI	open	255	0.0206
breadth	devscale_to_close_net	z_USDKRW	all	1538	-0.0263
breadth	devscale_to_close_net	z_USDKRW	afternoon	772	-0.0397
breadth	devscale_to_close_net	z_USDKRW	morning	511	-0.0369
breadth	devscale_to_close_net	z_USDKRW	open	255	0.0044
breadth	devscale_to_close_net	z_NQ_intra	all	1538	-0.0331
breadth	devscale_to_close_net	z_NQ_intra	afternoon	772	-0.052
breadth	devscale_to_close_net	z_NQ_intra	morning	511	0.0037
breadth	devscale_to_close_net	z_NQ_intra	open	255	
breadth	devscale_to_close_net	z_KOSPI_ret	all	1538	0.028
breadth	devscale_to_close_net	z_KOSPI_ret	afternoon	772	-0.005
breadth	devscale_to_close_net	z_KOSPI_ret	morning	511	0.0616
breadth	devscale_to_close_net	z_KOSPI_ret	open	255	0.0764
breadth	devscale_to_close_net	z_KOSDAQ_ret	all	1538	0.0769
breadth	devscale_to_close_net	z_KOSDAQ_ret	afternoon	772	0.0656
breadth	devscale_to_close_net	z_KOSDAQ_ret	morning	511	0.0895
breadth	devscale_to_close_net	z_KOSDAQ_ret	open	255	0.1354
breadth	devscale_to_close_net	z_gap	all	1538	0.0895
breadth	devscale_to_close_net	z_gap	afternoon	772	0.0689
breadth	devscale_to_close_net	z_gap	morning	511	0.1194
breadth	devscale_to_close_net	z_gap	open	255	0.1022
breadth	devscale_to_close_net	z_since_open	all	1538	-0.0042
breadth	devscale_to_close_net	z_since_open	afternoon	772	0.0092
breadth	devscale_to_close_net	z_since_open	morning	511	-0.0112
breadth	devscale_to_close_net	z_since_open	open	255	
breadth	devscale_to_close_net	z_dd_high	all	1538	0.0449
breadth	devscale_to_close_net	z_dd_high	afternoon	772	0.0048
breadth	devscale_to_close_net	z_dd_high	morning	511	0.0771
breadth	devscale_to_close_net	z_dd_high	open	255	
breadth	devscale_to_close_net	z_twap_dist	all	1538	0.0094
breadth	devscale_to_close_net	z_twap_dist	afternoon	772	0.0162
breadth	devscale_to_close_net	z_twap_dist	morning	511	0.0174
breadth	devscale_to_close_net	z_twap_dist	open	255	
breadth	devscale_to_close_net	breadth_up	all	1538	-0.0152
breadth	devscale_to_close_net	breadth_up	afternoon	772	-0.0054
breadth	devscale_to_close_net	breadth_up	morning	511	-0.0053
breadth	devscale_to_close_net	breadth_up	open	255	-0.0265
breadth	devscale_to_close_net	breadth_below_vwap	all	1283	-0.0084
breadth	devscale_to_close_net	breadth_below_vwap	afternoon	772	-0.0088
breadth	devscale_to_close_net	breadth_below_vwap	morning	511	-0.0116
breadth	devscale_to_close_net	breadth_below_vwap	open	0	
breadth	devscale_to_close_net	breadth_median_ret	all	1538	-0.006
breadth	devscale_to_close_net	breadth_median_ret	afternoon	772	0.0013
breadth	devscale_to_close_net	breadth_median_ret	morning	511	-0.0
breadth	devscale_to_close_net	breadth_median_ret	open	255	-0.0151
breadth	devscale_to_close_net	score_now	all	1538	0.0136
breadth	devscale_to_close_net	score_now	afternoon	772	0.0004
breadth	devscale_to_close_net	score_now	morning	511	0.0382
breadth	devscale_to_close_net	score_now	open	255	0.0276
breadth	ew_to_close	z_NQ_F	all	1568	-0.03
breadth	ew_to_close	z_NQ_F	afternoon	786	-0.0331
breadth	ew_to_close	z_NQ_F	morning	520	0.0039
breadth	ew_to_close	z_NQ_F	open	262	-0.0521
breadth	ew_to_close	z_ES_F	all	1568	-0.0214
breadth	ew_to_close	z_ES_F	afternoon	786	-0.0233
breadth	ew_to_close	z_ES_F	morning	520	0.0143
breadth	ew_to_close	z_ES_F	open	262	-0.0516
breadth	ew_to_close	z_TNX10	all	1568	0.0737
breadth	ew_to_close	z_TNX10	afternoon	786	0.053
breadth	ew_to_close	z_TNX10	morning	520	0.0807
breadth	ew_to_close	z_TNX10	open	262	0.1037
breadth	ew_to_close	z_VIX	all	1568	0.0221
breadth	ew_to_close	z_VIX	afternoon	786	0.0282
breadth	ew_to_close	z_VIX	morning	520	-0.0002
breadth	ew_to_close	z_VIX	open	262	0.0284
breadth	ew_to_close	z_WTI	all	1568	0.0181
breadth	ew_to_close	z_WTI	afternoon	786	0.0094
breadth	ew_to_close	z_WTI	morning	520	-0.0085
breadth	ew_to_close	z_WTI	open	262	0.0778
breadth	ew_to_close	z_USDKRW	all	1568	-0.0153
breadth	ew_to_close	z_USDKRW	afternoon	786	-0.0147
breadth	ew_to_close	z_USDKRW	morning	520	-0.0215
breadth	ew_to_close	z_USDKRW	open	262	-0.0072
breadth	ew_to_close	z_NQ_intra	all	1568	-0.0352
breadth	ew_to_close	z_NQ_intra	afternoon	786	-0.0495
breadth	ew_to_close	z_NQ_intra	morning	520	-0.0146
breadth	ew_to_close	z_NQ_intra	open	262	
breadth	ew_to_close	z_KOSPI_ret	all	1568	0.0159
breadth	ew_to_close	z_KOSPI_ret	afternoon	786	-0.0072
breadth	ew_to_close	z_KOSPI_ret	morning	520	0.0561
breadth	ew_to_close	z_KOSPI_ret	open	262	0.0375
breadth	ew_to_close	z_KOSDAQ_ret	all	1568	0.1191
breadth	ew_to_close	z_KOSDAQ_ret	afternoon	786	0.109
breadth	ew_to_close	z_KOSDAQ_ret	morning	520	0.1502
breadth	ew_to_close	z_KOSDAQ_ret	open	262	0.1539
breadth	ew_to_close	z_gap	all	1568	0.0781
breadth	ew_to_close	z_gap	afternoon	786	0.0593
breadth	ew_to_close	z_gap	morning	520	0.1115
breadth	ew_to_close	z_gap	open	262	0.0875
breadth	ew_to_close	z_since_open	all	1568	0.0493
breadth	ew_to_close	z_since_open	afternoon	786	0.0557
breadth	ew_to_close	z_since_open	morning	520	0.0613
breadth	ew_to_close	z_since_open	open	262	
breadth	ew_to_close	z_dd_high	all	1568	-0.0074
breadth	ew_to_close	z_dd_high	afternoon	786	-0.0281
breadth	ew_to_close	z_dd_high	morning	520	0.0441
breadth	ew_to_close	z_dd_high	open	262	
breadth	ew_to_close	z_twap_dist	all	1568	0.0401
breadth	ew_to_close	z_twap_dist	afternoon	786	0.0281
breadth	ew_to_close	z_twap_dist	morning	520	0.0745
breadth	ew_to_close	z_twap_dist	open	262	
breadth	ew_to_close	breadth_up	all	1568	0.0217
breadth	ew_to_close	breadth_up	afternoon	786	0.0175
breadth	ew_to_close	breadth_up	morning	520	0.0528
breadth	ew_to_close	breadth_up	open	262	0.0201
breadth	ew_to_close	breadth_below_vwap	all	1306	-0.0251
breadth	ew_to_close	breadth_below_vwap	afternoon	786	-0.0097
breadth	ew_to_close	breadth_below_vwap	morning	520	-0.0474
breadth	ew_to_close	breadth_below_vwap	open	0	
breadth	ew_to_close	breadth_median_ret	all	1568	0.0262
breadth	ew_to_close	breadth_median_ret	afternoon	786	0.0238
breadth	ew_to_close	breadth_median_ret	morning	520	0.056
breadth	ew_to_close	breadth_median_ret	open	262	0.0203
breadth	ew_to_close	score_now	all	1568	-0.0056
breadth	ew_to_close	score_now	afternoon	786	-0.0124
breadth	ew_to_close	score_now	morning	520	0.0284
breadth	ew_to_close	score_now	open	262	-0.0106
