branch	window	rows	days	features	ic_now	ic_new	ic_now_next	ic_new_next	scaled_net_now	halt_share_now	mean_when_halted_now	scaled_net_new	halt_share_new	mean_when_halted_new
daily	2018-01-01~2018-12-31	244	244	z_TNX10,z_VIX,z_ES_F,z_NQ_F	-0.1431	0.1786	-0.1058	0.1075	-0.2789	8.6	0.487	-0.1917	2.9	-0.197
daily	2019-01-01~2019-12-31	246	246	z_TNX10,z_NQ_F,z_KOSPI_prevday,z_USDKRW_prev	-0.0255	0.0155	0.0669	0.0022	-0.2245	2.4	0.22	-0.2208	2.4	-0.043
daily	2020-01-01~2020-12-31	248	248	z_VIX,z_TNX10,z_NQ_F,z_ES_F	-0.1007	0.212	-0.0653	0.1431	-0.183	5.6	0.301	-0.0357	4.0	-1.83
daily	2021-01-01~2021-12-31	248	248	z_NQ_F,z_TNX10,z_VIX,z_ES_F,z_USDKRW_prev	0.1646	0.0443	0.1856	0.025	-0.1591	4.0	0.023	-0.1379	14.5	-0.242
daily	2022-01-01~2022-12-31	246	246	z_TNX10,z_KOSPI_prevday,z_KOSPI_gap,z_USDKRW_prev	0.0729	0.1318	0.0782	0.1411	-0.1975	14.2	-0.217	-0.1532	11.4	-0.345
daily	2023-01-01~2023-12-31	245	245	z_TNX10,z_KOSPI_gap,z_KOSDAQ_gap,z_WTI,z_KOSPI_prevday	0.0368	0.2056	0.0901	0.2291	-0.1657	5.7	-0.442	-0.1054	7.3	-0.174
daily	2024-01-01~2024-12-31	244	244	z_KOSPI_gap,z_TNX10,z_KOSDAQ_gap,z_USDKRW_prev,z_KOSPI_prevday	-0.0508	0.1528	-0.0594	0.0808	-0.2452	6.6	-0.381	-0.1783	10.2	-0.471
daily	2025-01-01~2025-12-31	242	242	z_KOSPI_gap,z_KOSPI_prevday,z_KOSDAQ_gap,z_TNX10,z_USDKRW_prev	-0.0184	0.0324	-0.0957	0.032	-0.1308	7.9	-0.026	-0.1079	6.6	-0.477
daily	2026-01-01~2026-12-31	182	182	z_KOSPI_gap,z_KOSDAQ_gap,z_KOSPI_prevday,z_USDKRW_prev,z_NQ_F	0.0601	0.0612	0.0053	-0.0395	-0.1023	12.6	-0.892	-0.1756	7.7	-1.991
daily	ALL	2145	2145		0.0005	0.1208	0.0172	0.0929	-0.1899	7.4	-0.158	-0.1442	7.5	-0.555
hourly	2025-05-22~2025-08-18	360	60	z_KOSPI_ret,z_since_open,z_KOSDAQ_ret,z_gap,z_NQ_intra	-0.1232	0.0044	-0.2499	-0.0485	-0.1104	4.2	0.01	-0.0875	4.4	-0.311
hourly	2025-08-19~2025-11-17	359	60	z_gap,z_KOSPI_ret,z_KOSDAQ_ret,z_since_open,z_twap_dist	0.0601	0.1593	-0.0798	-0.0017	-0.0799	10.3	0.201	-0.0751	10.6	0.214
hourly	2025-11-18~2026-02-13	359	60	z_gap,z_KOSPI_ret,z_KOSDAQ_ret,z_twap_dist,z_since_open	0.131	0.115	0.1206	0.0853	0.0219	11.1	-0.126	0.0037	10.9	-0.103
hourly	2026-02-19~2026-05-18	360	60	z_gap,z_KOSPI_ret,z_KOSDAQ_ret,z_since_open,z_twap_dist	0.0024	0.077	-0.0015	0.0032	-0.1151	18.3	-0.476	-0.0886	8.6	-1.212
hourly	2026-05-19~2026-08-13	360	60	z_KOSPI_ret,z_KOSDAQ_ret,z_gap,z_since_open,z_twap_dist	0.1055	0.1134	-0.1614	-0.0241	-0.1383	15.8	-0.818	-0.1176	18.1	-1.005
hourly	2026-08-14~2026-09-30	184	31	z_gap,z_KOSDAQ_ret,z_KOSPI_ret,z_since_open,z_twap_dist	-0.1732	-0.1442	0.0699	-0.0298	-0.2278	11.4	0.44	-0.199	2.2	0.471
hourly	ALL	1982	331		0.0103	0.0706	-0.0443	0.013	-0.0977	11.9	-0.281	-0.0848	9.7	-0.528
