source	index	date	close_vs_prev_pct	low_vs_prev_pct	next_day_pct	score-11_sell_vs_prev_pct	prev-2.0_sell_vs_prev_pct	prev-3.0_sell_vs_prev_pct	high-2.0_sell_vs_prev_pct	high-3.0_sell_vs_prev_pct
daily	kospi	2026-03-04	-12.06	-12.65	9.63		-3.44	-3.44	-4.03	-5.01
daily	kospi	2026-07-28	-10.84	-11.29	-5.98		-5.26	-5.26	-6.96	-7.91
daily	kospi	2026-06-23	-9.99	-9.99	3.26		-2.0	-3.0	-1.35	-2.35
daily	kospi	2026-07-13	-8.95	-9.26	0.73		-2.0	-3.0	-1.3	-2.31
daily	kospi	2024-08-05	-8.77	-10.81	3.3		-2.42	-3.0	-4.38	-5.35
daily	kospi	2020-03-19	-8.39	-9.54	7.44	-1.44	-2.0	-3.0	0.15	-0.87
daily	kospi	2026-06-08	-8.29	-8.8	8.18	-1.53	-2.0	-3.0	-3.35	-4.34
daily	kospi	2026-07-02	-7.89	-8.27	5.76		-4.46	-4.46	-3.97	-4.95
daily	kospi	2026-03-03	-7.24	-7.25	-12.06		-2.0	-3.0	-3.0	-3.99
daily	kospi	2026-03-23	-6.49	-6.63	2.74	-3.48	-3.48	-3.48	-5.41	-6.37
daily	kospi	2026-07-16	-6.37	-7.6	-4.46		-4.45	-4.45	-5.88	-6.84
daily	kospi	2026-05-15	-6.12	-7.64	0.31		-2.0	-3.0	-1.2	-2.21
daily	kospi	2026-07-29	-5.98	-12.63	-1.23		-2.0	-3.0	1.33	0.3
daily	kospi	2026-03-09	-5.96	-8.75	5.35	-5.72	-5.72	-5.72	-6.52	-7.47
daily	kospi	2026-06-26	-5.81	-9.0	-0.2		-2.0	-3.0	-2.75	-3.75
daily	kosdaq	2026-03-04	-14.0	-14.17	14.1		-2.25	-3.0	-4.21	-5.18
daily	kosdaq	2020-03-19	-11.71	-13.52	9.2	-1.85	-2.0	-3.0	1.43	0.4
daily	kosdaq	2024-08-05	-11.3	-13.7	6.02		-2.0	-3.0	-3.73	-4.71
daily	kosdaq	2026-06-08	-9.08	-9.38	6.19	-4.37	-4.27	-4.27	-6.19	-7.14
daily	kosdaq	2026-06-23	-7.94	-7.94	2.0		-2.0	-3.0	-1.67	-2.67
daily	kosdaq	2026-07-28	-7.72	-8.81	-6.12		-2.97	-3.0	-4.91	-5.88
daily	kosdaq	2019-08-05	-7.46	-7.46	-3.21		-2.0	-3.0	-2.07	-3.07
daily	kosdaq	2020-06-15	-7.09	-7.09	6.09		-2.0	-3.0	-1.85	-2.85
daily	kosdaq	2020-03-13	-7.01	-13.56	-3.72	-4.77	-4.77	-4.77	-6.03	-6.99
daily	kosdaq	2026-07-02	-6.74	-7.06	0.19		-2.67	-3.0	-4.62	-5.59
daily	kosdaq	2026-07-29	-6.12	-10.61	-2.7		-2.0	-3.0	-0.12	-1.14
daily	kosdaq	2016-02-12	-6.06	-8.17	2.12		-2.0	-3.0	-3.02	-4.01
daily	kosdaq	2020-03-18	-5.75	-5.75	-11.71		-2.0	-3.0	0.16	-0.86
daily	kosdaq	2026-03-23	-5.56	-5.68	2.24	-2.73	-2.73	-3.0	-4.62	-5.6
daily	kosdaq	2026-07-08	-5.56	-6.32	1.15		-2.0	-3.0	-2.93	-3.92
hourly	kospi	2026-03-04	-12.06	-12.65	9.63	-3.44	-3.44	-3.44	-4.03	-5.01
hourly	kospi	2026-07-28	-10.84	-11.29	-5.98		-5.26	-5.26	-6.96	-7.91
hourly	kospi	2026-06-23	-9.99	-9.99	3.26	-4.9	-2.0	-3.0	-1.35	-2.35
hourly	kospi	2026-07-13	-8.95	-9.26	0.73		-2.0	-3.0	-1.3	-2.31
hourly	kospi	2024-08-05	-8.77	-10.81	3.3		-2.42	-3.0	-4.38	-5.35
hourly	kospi	2026-06-08	-8.29	-8.8	8.18	-1.38	-2.0	-3.0	-3.35	-4.34
hourly	kospi	2026-07-02	-7.89	-8.27	5.76		-4.46	-4.46	-6.37	-4.95
hourly	kospi	2026-03-03	-7.24	-7.25	-12.06	-4.5	-2.0	-3.0	-3.0	-3.99
hourly	kospi	2026-03-23	-6.49	-6.63	2.74	-3.48	-3.48	-3.48	-5.41	-6.37
hourly	kospi	2026-07-16	-6.37	-7.6	-4.46		-4.45	-4.45	-5.88	-6.84
hourly	kospi	2026-05-15	-6.12	-7.64	0.31		-2.0	-3.0	-1.2	-2.21
hourly	kospi	2026-07-29	-5.98	-12.63	-1.23		-2.0	-3.0	1.33	0.3
hourly	kospi	2026-03-09	-5.96	-8.75	5.35	-5.72	-5.72	-5.72	-6.52	-7.47
hourly	kospi	2026-06-26	-5.81	-9.0	-0.2		-2.0	-3.0	-2.75	-3.75
hourly	kospi	2026-08-19	-5.8	-6.83	5.89		-4.96	-4.96	-5.64	
hourly	kosdaq	2026-03-04	-14.0	-14.17	14.1	-2.25	-2.25	-3.0	-4.21	-5.18
hourly	kosdaq	2024-08-05	-11.3	-13.7	6.02		-2.0	-3.0	-3.73	-4.71
hourly	kosdaq	2026-06-08	-9.08	-9.38	6.19	-4.27	-4.27	-4.27	-6.19	-7.14
hourly	kosdaq	2026-06-23	-7.94	-7.94	2.0	-5.22	-2.0	-3.0	-1.67	-2.67
hourly	kosdaq	2026-07-28	-7.72	-8.81	-6.12		-2.97	-3.0	-4.91	-5.88
hourly	kosdaq	2026-07-02	-6.74	-7.06	0.19		-2.67	-3.0	-4.62	-5.59
hourly	kosdaq	2026-07-29	-6.12	-10.61	-2.7		-2.0	-3.0	-0.12	-1.14
hourly	kosdaq	2026-03-23	-5.56	-5.68	2.24	-2.73	-2.73	-3.0	-4.62	
hourly	kosdaq	2026-07-08	-5.56	-6.32	1.15		-2.0	-3.0	-2.93	-3.92
hourly	kosdaq	2026-04-02	-5.36	-6.82	0.7	-5.0	-2.0	-3.0	-0.58	-1.59
hourly	kosdaq	2026-07-20	-5.33	-5.66	0.49	-2.35	-2.35	-3.0	-3.0	-3.99
hourly	kosdaq	2026-07-24	-5.32	-5.54	2.22		-2.0	-3.0	-3.58	-4.57
hourly	kosdaq	2025-04-07	-5.25	-5.25	1.1		-2.96	-3.0	-4.9	
hourly	kosdaq	2024-12-09	-5.19	-5.19	5.52		-2.0	-3.0	-3.78	-4.76
hourly	kosdaq	2026-05-15	-5.14	-6.79	-1.66		-2.0	-3.0	-1.49	-2.5
