source	index	period	rule	days	per_year	to_close_pct	to_next_close_pct	to_next_close_up_pct	all_days_open_to_close_pct	all_days_open_to_next_close_pct
daily	kospi	all	score-11	36	3.1	-0.066	0.282	44.4	-0.043	0.011
daily	kospi	all	prev-1.5	396	34.4	-0.117	-0.084	51.0	-0.043	0.011
daily	kospi	all	prev-2.0	212	18.4	-0.237	-0.067	47.6	-0.043	0.011
daily	kospi	all	prev-2.5	142	12.3	-0.281	-0.067	48.6	-0.043	0.011
daily	kospi	all	prev-3.0	104	9.0	-0.243	-0.024	51.9	-0.043	0.011
daily	kospi	all	prev-4.0	54	4.7	-0.509	0.087	53.7	-0.043	0.011
daily	kospi	all	prev-5.0	35	3.0	-0.721	0.48	54.3	-0.043	0.011
daily	kospi	all	high-1.5	376	32.6	-0.344	-0.106	54.0	-0.043	0.011
daily	kospi	all	high-2.0	206	17.9	-0.406	0.043	55.3	-0.043	0.011
daily	kospi	all	high-2.5	120	10.4	-0.607	0.027	59.2	-0.043	0.011
daily	kospi	all	high-3.0	88	7.6	-0.445	0.403	61.4	-0.043	0.011
daily	kospi	all	high-4.0	51	4.4	-0.316	0.562	64.7	-0.043	0.011
daily	kospi	all	high-5.0	32	2.8	-0.754	0.039	56.2	-0.043	0.011
daily	kospi	front70	score-11	21	2.6	-0.126	-0.177	38.1	-0.044	-0.029
daily	kospi	front70	prev-1.5	232	28.8	-0.031	-0.039	52.2	-0.044	-0.029
daily	kospi	front70	prev-2.0	99	12.3	-0.103	-0.12	48.5	-0.044	-0.029
daily	kospi	front70	prev-2.5	59	7.3	-0.066	-0.004	50.8	-0.044	-0.029
daily	kospi	front70	prev-3.0	37	4.6	0.088	0.122	62.2	-0.044	-0.029
daily	kospi	front70	prev-4.0	12	1.5	0.264	0.187	58.3	-0.044	-0.029
daily	kospi	front70	prev-5.0	4	0.5	0.246	2.515	50.0	-0.044	-0.029
daily	kospi	front70	high-1.5	199	24.7	-0.212	-0.081	53.3	-0.044	-0.029
daily	kospi	front70	high-2.0	94	11.7	-0.163	0.104	55.3	-0.044	-0.029
daily	kospi	front70	high-2.5	41	5.1	-0.574	-0.387	63.4	-0.044	-0.029
daily	kospi	front70	high-3.0	27	3.3	-0.583	-0.138	63.0	-0.044	-0.029
daily	kospi	front70	high-4.0	12	1.5	-0.511	0.062	66.7	-0.044	-0.029
daily	kospi	front70	high-5.0	6	0.7	-0.212	-0.95	66.7	-0.044	-0.029
daily	kospi	back30	score-11	15	4.3	0.019	0.924	53.3	-0.039	0.104
daily	kospi	back30	prev-1.5	164	47.4	-0.24	-0.147	49.4	-0.039	0.104
daily	kospi	back30	prev-2.0	113	32.7	-0.355	-0.02	46.9	-0.039	0.104
daily	kospi	back30	prev-2.5	83	24.0	-0.434	-0.112	47.0	-0.039	0.104
daily	kospi	back30	prev-3.0	67	19.4	-0.426	-0.105	46.3	-0.039	0.104
daily	kospi	back30	prev-4.0	42	12.1	-0.729	0.058	52.4	-0.039	0.104
daily	kospi	back30	prev-5.0	31	9.0	-0.846	0.217	54.8	-0.039	0.104
daily	kospi	back30	high-1.5	177	51.2	-0.492	-0.134	54.8	-0.039	0.104
daily	kospi	back30	high-2.0	112	32.4	-0.61	-0.008	55.4	-0.039	0.104
daily	kospi	back30	high-2.5	79	22.8	-0.624	0.242	57.0	-0.039	0.104
daily	kospi	back30	high-3.0	61	17.6	-0.384	0.643	60.7	-0.039	0.104
daily	kospi	back30	high-4.0	39	11.3	-0.256	0.716	64.1	-0.039	0.104
daily	kospi	back30	high-5.0	26	7.5	-0.88	0.267	53.8	-0.039	0.104
daily	kosdaq	all	score-11	36	3.1	-0.308	-0.131	52.8	-0.131	-0.103
daily	kosdaq	all	prev-1.5	611	53.0	-0.216	-0.203	49.8	-0.131	-0.103
daily	kosdaq	all	prev-2.0	385	33.4	-0.257	-0.29	47.0	-0.131	-0.103
daily	kosdaq	all	prev-2.5	245	21.3	-0.39	-0.305	45.7	-0.131	-0.103
daily	kosdaq	all	prev-3.0	175	15.2	-0.349	-0.287	49.7	-0.131	-0.103
daily	kosdaq	all	prev-4.0	92	8.0	-0.26	-0.321	52.2	-0.131	-0.103
daily	kosdaq	all	prev-5.0	50	4.3	-0.105	0.842	68.0	-0.131	-0.103
daily	kosdaq	all	high-1.5	720	62.5	-0.401	-0.336	48.6	-0.131	-0.103
daily	kosdaq	all	high-2.0	442	38.3	-0.447	-0.309	50.5	-0.131	-0.103
daily	kosdaq	all	high-2.5	268	23.2	-0.547	-0.268	51.1	-0.131	-0.103
daily	kosdaq	all	high-3.0	164	14.2	-0.646	-0.246	50.6	-0.131	-0.103
daily	kosdaq	all	high-4.0	82	7.1	-0.52	-0.097	56.1	-0.131	-0.103
daily	kosdaq	all	high-5.0	51	4.4	-0.11	0.413	52.9	-0.131	-0.103
daily	kosdaq	front70	score-11	21	2.6	-0.641	-0.81	52.4	-0.137	-0.111
daily	kosdaq	front70	prev-1.5	389	48.2	-0.151	-0.159	50.6	-0.137	-0.111
daily	kosdaq	front70	prev-2.0	235	29.1	-0.17	-0.308	48.1	-0.137	-0.111
daily	kosdaq	front70	prev-2.5	139	17.2	-0.293	-0.312	45.3	-0.137	-0.111
daily	kosdaq	front70	prev-3.0	100	12.4	-0.249	-0.242	53.0	-0.137	-0.111
daily	kosdaq	front70	prev-4.0	46	5.7	-0.042	-0.103	60.9	-0.137	-0.111
daily	kosdaq	front70	prev-5.0	20	2.5	0.184	0.499	70.0	-0.137	-0.111
daily	kosdaq	front70	high-1.5	450	55.8	-0.348	-0.301	48.9	-0.137	-0.111
daily	kosdaq	front70	high-2.0	264	32.7	-0.427	-0.312	49.6	-0.137	-0.111
daily	kosdaq	front70	high-2.5	153	19.0	-0.603	-0.367	49.0	-0.137	-0.111
daily	kosdaq	front70	high-3.0	89	11.0	-0.763	-0.556	51.7	-0.137	-0.111
daily	kosdaq	front70	high-4.0	44	5.5	-0.534	-0.095	61.4	-0.137	-0.111
daily	kosdaq	front70	high-5.0	24	3.0	-0.193	0.314	54.2	-0.137	-0.111
daily	kosdaq	back30	score-11	15	4.3	0.158	0.82	53.3	-0.117	-0.085
daily	kosdaq	back30	prev-1.5	222	64.2	-0.33	-0.28	48.2	-0.117	-0.085
daily	kosdaq	back30	prev-2.0	150	43.4	-0.393	-0.261	45.3	-0.117	-0.085
daily	kosdaq	back30	prev-2.5	106	30.6	-0.517	-0.294	46.2	-0.117	-0.085
daily	kosdaq	back30	prev-3.0	75	21.7	-0.481	-0.348	45.3	-0.117	-0.085
daily	kosdaq	back30	prev-4.0	46	13.3	-0.478	-0.538	43.5	-0.117	-0.085
daily	kosdaq	back30	prev-5.0	30	8.7	-0.298	1.071	66.7	-0.117	-0.085
daily	kosdaq	back30	high-1.5	270	78.0	-0.49	-0.393	48.1	-0.117	-0.085
daily	kosdaq	back30	high-2.0	178	51.4	-0.477	-0.304	51.7	-0.117	-0.085
daily	kosdaq	back30	high-2.5	115	33.2	-0.471	-0.137	53.9	-0.117	-0.085
daily	kosdaq	back30	high-3.0	75	21.7	-0.506	0.121	49.3	-0.117	-0.085
daily	kosdaq	back30	high-4.0	38	11.0	-0.504	-0.099	50.0	-0.117	-0.085
daily	kosdaq	back30	high-5.0	27	7.8	-0.037	0.5	51.9	-0.117	-0.085
hourly	kospi	all	score-11	29	12.5	-0.684	0.341	55.2	-0.019	0.168
hourly	kospi	all	prev-1.5	136	58.5	-0.24	-0.146	49.3	-0.019	0.168
hourly	kospi	all	prev-2.0	96	41.3	-0.38	-0.014	47.9	-0.019	0.168
hourly	kospi	all	prev-2.5	74	31.8	-0.475	-0.138	47.3	-0.019	0.168
hourly	kospi	all	prev-3.0	64	27.5	-0.442	-0.22	45.3	-0.019	0.168
hourly	kospi	all	prev-4.0	41	17.6	-0.715	-0.073	51.2	-0.019	0.168
hourly	kospi	all	prev-5.0	30	12.9	-0.865	0.006	53.3	-0.019	0.168
hourly	kospi	all	high-1.5	182	78.3	-0.249	-0.123	54.9	-0.019	0.168
hourly	kospi	all	high-2.0	117	50.3	-0.357	-0.115	53.0	-0.019	0.168
hourly	kospi	all	high-2.5	79	34.0	-0.311	0.033	55.7	-0.019	0.168
hourly	kospi	all	high-3.0	63	27.1	-0.089	0.643	60.3	-0.019	0.168
hourly	kospi	all	high-4.0	40	17.2	-0.121	0.937	65.0	-0.019	0.168
hourly	kospi	all	high-5.0	25	10.8	-0.583	0.416	52.0	-0.019	0.168
hourly	kospi	front70	score-11	14	8.6	-0.179	0.676	50.0	-0.002	0.139
hourly	kospi	front70	prev-1.5	59	36.3	-0.148	-0.106	49.2	-0.002	0.139
hourly	kospi	front70	prev-2.0	32	19.7	-0.259	-0.068	50.0	-0.002	0.139
hourly	kospi	front70	prev-2.5	18	11.1	-0.625	-0.359	50.0	-0.002	0.139
hourly	kospi	front70	prev-3.0	14	8.6	-0.638	-0.35	42.9	-0.002	0.139
hourly	kospi	front70	prev-4.0	5	3.1	-0.899	-1.907	40.0	-0.002	0.139
hourly	kospi	front70	prev-5.0	3	1.8	-0.765	0.565	33.3	-0.002	0.139
hourly	kospi	front70	high-1.5	63	38.8	-0.173	-0.01	58.7	-0.002	0.139
hourly	kospi	front70	high-2.0	32	19.7	-0.082	0.111	59.4	-0.002	0.139
hourly	kospi	front70	high-2.5	15	9.2	0.238	0.519	60.0	-0.002	0.139
hourly	kospi	front70	high-3.0	6	3.7	0.268	1.854	66.7	-0.002	0.139
hourly	kospi	front70	high-4.0	2	1.2	0.125	2.016	100.0	-0.002	0.139
hourly	kospi	front70	high-5.0	1	0.6	-1.58	1.669	100.0	-0.002	0.139
hourly	kospi	back30	score-11	15	21.4	-1.155	0.028	60.0	-0.058	0.235
hourly	kospi	back30	prev-1.5	77	110.0	-0.311	-0.176	49.4	-0.058	0.235
hourly	kospi	back30	prev-2.0	64	91.4	-0.441	0.012	46.9	-0.058	0.235
hourly	kospi	back30	prev-2.5	56	80.0	-0.427	-0.068	46.4	-0.058	0.235
hourly	kospi	back30	prev-3.0	50	71.4	-0.387	-0.183	46.0	-0.058	0.235
hourly	kospi	back30	prev-4.0	36	51.4	-0.69	0.182	52.8	-0.058	0.235
hourly	kospi	back30	prev-5.0	27	38.6	-0.876	-0.056	55.6	-0.058	0.235
hourly	kospi	back30	high-1.5	119	170.0	-0.288	-0.183	52.9	-0.058	0.235
hourly	kospi	back30	high-2.0	85	121.4	-0.461	-0.201	50.6	-0.058	0.235
hourly	kospi	back30	high-2.5	64	91.4	-0.44	-0.081	54.7	-0.058	0.235
hourly	kospi	back30	high-3.0	57	81.4	-0.127	0.516	59.6	-0.058	0.235
hourly	kospi	back30	high-4.0	38	54.3	-0.134	0.881	63.2	-0.058	0.235
hourly	kospi	back30	high-5.0	24	34.3	-0.541	0.363	50.0	-0.058	0.235
hourly	kosdaq	all	score-11	29	12.5	-0.815	-0.257	55.2	-0.135	-0.115
hourly	kosdaq	all	prev-1.5	157	67.6	-0.412	-0.251	51.0	-0.135	-0.115
hourly	kosdaq	all	prev-2.0	118	50.8	-0.374	-0.217	49.2	-0.135	-0.115
hourly	kosdaq	all	prev-2.5	83	35.7	-0.6	-0.366	44.6	-0.135	-0.115
hourly	kosdaq	all	prev-3.0	63	27.1	-0.568	-0.441	41.3	-0.135	-0.115
hourly	kosdaq	all	prev-4.0	40	17.2	-0.587	-0.276	45.0	-0.135	-0.115
hourly	kosdaq	all	prev-5.0	26	11.2	-0.391	0.823	65.4	-0.135	-0.115
hourly	kosdaq	all	high-1.5	215	92.5	-0.419	-0.396	50.2	-0.135	-0.115
hourly	kosdaq	all	high-2.0	144	62.0	-0.402	-0.315	52.8	-0.135	-0.115
hourly	kosdaq	all	high-2.5	104	44.8	-0.294	-0.32	51.9	-0.135	-0.115
hourly	kosdaq	all	high-3.0	71	30.6	-0.248	-0.072	45.1	-0.135	-0.115
hourly	kosdaq	all	high-4.0	37	15.9	-0.12	0.183	51.4	-0.135	-0.115
hourly	kosdaq	all	high-5.0	26	11.2	0.427	0.68	57.7	-0.135	-0.115
hourly	kosdaq	front70	score-11	14	8.6	-0.058	0.427	57.1	-0.095	-0.063
hourly	kosdaq	front70	prev-1.5	75	46.2	-0.301	-0.135	52.0	-0.095	-0.063
hourly	kosdaq	front70	prev-2.0	49	30.2	-0.324	-0.082	53.1	-0.095	-0.063
hourly	kosdaq	front70	prev-2.5	28	17.2	-0.507	-0.22	50.0	-0.095	-0.063
hourly	kosdaq	front70	prev-3.0	16	9.9	-0.822	-0.407	43.8	-0.095	-0.063
hourly	kosdaq	front70	prev-4.0	7	4.3	-1.25	-1.112	42.9	-0.095	-0.063
hourly	kosdaq	front70	prev-5.0	3	1.8	-1.457	2.11	66.7	-0.095	-0.063
hourly	kosdaq	front70	high-1.5	104	64.0	-0.239	-0.073	53.8	-0.095	-0.063
hourly	kosdaq	front70	high-2.0	54	33.3	-0.175	0.055	59.3	-0.095	-0.063
hourly	kosdaq	front70	high-2.5	25	15.4	-0.08	-0.066	60.0	-0.095	-0.063
hourly	kosdaq	front70	high-3.0	15	9.2	0.324	0.948	53.3	-0.095	-0.063
hourly	kosdaq	front70	high-4.0	3	1.8	-0.377	-0.407	33.3	-0.095	-0.063
hourly	kosdaq	front70	high-5.0	2	1.2	-0.84	1.806	100.0	-0.095	-0.063
hourly	kosdaq	back30	score-11	15	21.4	-1.521	-0.896	53.3	-0.228	-0.238
hourly	kosdaq	back30	prev-1.5	82	117.1	-0.514	-0.358	50.0	-0.228	-0.238
hourly	kosdaq	back30	prev-2.0	69	98.6	-0.409	-0.312	46.4	-0.228	-0.238
hourly	kosdaq	back30	prev-2.5	55	78.6	-0.648	-0.44	41.8	-0.228	-0.238
hourly	kosdaq	back30	prev-3.0	47	67.1	-0.482	-0.452	40.4	-0.228	-0.238
hourly	kosdaq	back30	prev-4.0	33	47.1	-0.446	-0.098	45.5	-0.228	-0.238
hourly	kosdaq	back30	prev-5.0	23	32.9	-0.252	0.655	65.2	-0.228	-0.238
hourly	kosdaq	back30	high-1.5	111	158.6	-0.589	-0.698	46.8	-0.228	-0.238
hourly	kosdaq	back30	high-2.0	90	128.6	-0.539	-0.537	48.9	-0.228	-0.238
hourly	kosdaq	back30	high-2.5	79	112.9	-0.361	-0.401	49.4	-0.228	-0.238
hourly	kosdaq	back30	high-3.0	56	80.0	-0.401	-0.345	42.9	-0.228	-0.238
hourly	kosdaq	back30	high-4.0	34	48.6	-0.097	0.235	52.9	-0.228	-0.238
hourly	kosdaq	back30	high-5.0	24	34.3	0.532	0.586	54.2	-0.228	-0.238
