source	index	halt_at	days	per_year	after_trigger_to_close_pct	to_next_close_pct	to_next_close_hit_pct	to_close_5d_pct	all_days_open_to_close_pct	all_days_open_to_next_close_pct
daily	kospi	-3	859	74.5	-0.036	0.058	52.0	0.314	-0.043	0.011
daily	kospi	-4	697	60.5	-0.038	0.092	53.2	0.327	-0.043	0.011
daily	kospi	-5	549	47.6	-0.007	0.101	52.6	0.272	-0.043	0.011
daily	kospi	-6	427	37.0	-0.016	0.025	53.2	0.302	-0.043	0.011
daily	kospi	-7	316	27.4	0.005	0.091	50.3	0.376	-0.043	0.011
daily	kospi	-8	231	20.0	-0.003	0.114	48.5	0.504	-0.043	0.011
daily	kospi	-9	145	12.6	-0.096	0.301	49.7	0.552	-0.043	0.011
daily	kospi	-10	87	7.5	-0.188	0.44	50.6	0.659	-0.043	0.011
daily	kospi	-11	36	3.1	-0.066	0.282	44.4	0.686	-0.043	0.011
daily	kospi	-12	12	1.0	-0.693	0.422	50.0	-1.134	-0.043	0.011
daily	kospi	-13	0	0.0					-0.043	0.011
daily	kospi	-14	0	0.0					-0.043	0.011
daily	kosdaq	-3	859	74.5	-0.166	-0.142	51.6	0.053	-0.131	-0.103
daily	kosdaq	-4	697	60.5	-0.136	-0.103	51.8	0.069	-0.131	-0.103
daily	kosdaq	-5	549	47.6	-0.088	-0.034	52.1	0.054	-0.131	-0.103
daily	kosdaq	-6	427	37.0	-0.054	-0.043	52.0	0.228	-0.131	-0.103
daily	kosdaq	-7	316	27.4	-0.062	-0.019	52.5	0.32	-0.131	-0.103
daily	kosdaq	-8	231	20.0	-0.075	0.05	52.4	0.382	-0.131	-0.103
daily	kosdaq	-9	145	12.6	-0.186	0.227	53.8	0.563	-0.131	-0.103
daily	kosdaq	-10	87	7.5	-0.313	0.318	58.6	0.729	-0.131	-0.103
daily	kosdaq	-11	36	3.1	-0.308	-0.131	52.8	0.231	-0.131	-0.103
daily	kosdaq	-12	12	1.0	-0.828	-0.283	58.3	-1.441	-0.131	-0.103
daily	kosdaq	-13	0	0.0					-0.131	-0.103
daily	kosdaq	-14	0	0.0					-0.131	-0.103
hourly	kospi	-3	215	92.5	-0.27	0.196	57.2	1.251	-0.019	0.168
hourly	kospi	-4	180	77.5	-0.297	0.189	57.2	1.263	-0.019	0.168
hourly	kospi	-5	158	68.0	-0.344	0.098	57.0	1.176	-0.019	0.168
hourly	kospi	-6	126	54.2	-0.377	0.186	55.6	1.464	-0.019	0.168
hourly	kospi	-7	106	45.6	-0.445	0.264	55.7	1.627	-0.019	0.168
hourly	kospi	-8	82	35.3	-0.329	0.492	56.1	2.08	-0.019	0.168
hourly	kospi	-9	55	23.7	-0.475	0.593	54.5	1.998	-0.019	0.168
hourly	kospi	-10	39	16.8	-0.712	0.068	53.8	1.738	-0.019	0.168
hourly	kospi	-11	29	12.5	-0.684	0.341	55.2	2.322	-0.019	0.168
hourly	kospi	-12	15	6.5	-1.174	-0.34	33.3	2.424	-0.019	0.168
hourly	kospi	-13	9	3.9	-0.848	2.229	55.6	4.126	-0.019	0.168
hourly	kospi	-14	2	0.9	-1.729	4.896	100.0	7.958	-0.019	0.168
hourly	kosdaq	-3	215	92.5	-0.329	-0.106	53.5	0.59	-0.135	-0.115
hourly	kosdaq	-4	180	77.5	-0.364	-0.169	51.7	0.74	-0.135	-0.115
hourly	kosdaq	-5	158	68.0	-0.401	-0.236	52.5	0.718	-0.135	-0.115
hourly	kosdaq	-6	126	54.2	-0.461	-0.168	51.6	0.925	-0.135	-0.115
hourly	kosdaq	-7	106	45.6	-0.54	-0.13	50.9	0.851	-0.135	-0.115
hourly	kosdaq	-8	82	35.3	-0.366	0.234	53.7	1.644	-0.135	-0.115
hourly	kosdaq	-9	55	23.7	-0.533	0.26	52.7	1.48	-0.135	-0.115
hourly	kosdaq	-10	39	16.8	-0.714	-0.378	53.8	1.317	-0.135	-0.115
hourly	kosdaq	-11	29	12.5	-0.815	-0.257	55.2	2.019	-0.135	-0.115
hourly	kosdaq	-12	15	6.5	-1.442	-1.054	46.7	2.314	-0.135	-0.115
hourly	kosdaq	-13	9	3.9	-1.034	1.724	44.4	3.675	-0.135	-0.115
hourly	kosdaq	-14	2	0.9	-1.09	3.534	100.0	7.093	-0.135	-0.115
