date	live_min_0900_1530	live_max_0900_1530	live_min_all_hours	hourly_score_pre	hourly_score_open	hourly_score_min	hourly_score_min_at	daily_score_min
2026-09-15	-4	1	-4	1	1	-5	15:00~	-4
2026-09-16	-2	2	-2	-1	-1	-2	10:00~	-2
2026-09-17	1	4	1	1	2	1	15:00~	-1
2026-09-18	5	9	2	6	9	7	10:00~	8
2026-09-21	4	8	3	6	6	6	09:00	5
2026-09-22	6	9	4	6	9	7	14:00~	4
2026-09-23	1	6	1	6	9	5	12:00~	3
2026-09-28	-5	3	-6	2	2	-3	15:00~	1
2026-09-29	-8	-3	-8	-3	-3	-8	12:00~	-7
2026-09-30	-1	2	-1	1	2	-1	12:00~	-1
