day	cash	market_value	equity	held	candidates	missed_never_entered	slots
20250919	-392599	2403990	2011391	5	28	0	0
20250922	572172	1436120	2008292	3	25	0	0
20250923	172276	1844150	2016426	4	25	0	0
20250924	-260389	2285000	2024611	5	22	0	0
20250925	205956	1805600	2011556	4	20	0	0
20250926	599348	1364800	1964148	3	13	0	0
20250929	1507990	478800	1986790	1	10	0	0
20250930	541595	1453300	1994895	3	11	0	0
20251001	-442613	2430010	1987397	5	10	0	0
20251002	511731	1488750	2000481	3	10	0	0
20251010	1013200	984320	1997520	2	11	0	0
20251013	525827	1460060	1985887	3	11	0	0
20251014	31553	1908250	1939803	4	12	0	0
20251015	508925	1478950	1987875	3	11	0	0
20251016	40855	1976400	2017255	4	15	0	0
20251017	40855	1985150	2026005	4	16	0	0
20251020	590539	1444100	2034639	3	16	0	0
20251021	1622987	443400	2066387	1	16	0	0
20251022	699449	1384000	2083449	3	17	0	0
20251023	698317	1382400	2080717	3	22	0	0
20251024	200992	1896700	2097692	4	21	0	0
20251027	678164	1426600	2104764	3	19	0	0
20251028	674148	1398600	2072748	3	19	0	0
20251029	-249070	2309000	2059930	5	21	0	0
20251030	-259281	2302222	2042941	5	21	0	0
20251031	-269567	2307471	2037904	5	18	0	0
20251103	241881	1840400	2082281	4	16	0	0
20251104	1136952	937800	2074752	2	16	0	0
20251105	-834109	2913800	2079691	6	11	0	0
20251106	168421	1962700	2131121	4	12	0	0
20251107	-1621043	3727720	2106677	8	11	0	0
20251110	815607	1422600	2238207	3	13	0	0
20251111	-605243	2849430	2244187	6	11	0	0
20251112	376691	1954450	2331141	4	11	0	0
20251113	-18506	2355300	2336794	5	10	0	0
20251114	-982851	3285860	2303009	7	14	0	0
20251117	-1445420	3744080	2298660	8	14	0	0
20251118	-1445420	3634220	2188800	8	13	0	0
20251119	-141221	2347000	2205779	5	13	0	0
20251120	303312	1908300	2211612	4	10	0	0
20251121	765815	1431000	2196815	3	8	0	0
20251124	1715968	481500	2197468	1	8	0	0
20251125	1218293	972400	2190693	2	4	0	0
20251126	1218293	983380	2201673	2	4	0	0
20251127	1218293	979660	2197953	2	4	0	0
20251128	1238897	962100	2200997	2	5	0	0
20251201	749334	1464900	2214234	3	7	0	0
20251202	749334	1486500	2235834	3	6	0	0
20251203	252337	1979040	2231377	4	11	0	0
20251204	-232536	2461260	2228724	5	10	0	0
20251205	-1698196	3953520	2255324	8	14	0	0
20251208	-3133911	5351900	2217989	11	17	0	0
20251209	-3142326	5356700	2214374	11	21	0	0
20251210	-3610168	5760280	2150112	12	23	0	0
20251211	-3154753	5296460	2141707	11	26	0	0
20251212	-716008	2903700	2187692	6	22	0	0
20251215	168759	1961000	2129759	4	19	0	0
20251216	-313314	2424200	2110886	5	21	0	0
20251217	-329692	2411650	2081958	5	15	0	0
20251218	-896102	2909140	2013038	6	14	0	0
20251219	-1867677	3911010	2043333	8	10	0	0
20251222	-392386	2463130	2070744	5	10	0	0
20251223	-895201	2952990	2057789	6	11	0	0
20251224	-1882504	3955400	2072896	8	14	0	0
20251226	-908227	2947150	2038923	6	14	0	0
20251229	-1353894	3396740	2042846	7	13	0	0
20251230	-884206	2889770	2005564	6	14	0	0
20260102	-884206	2856380	1972174	6	14	0	0
20260105	-857958	2835750	1977792	6	14	0	0
20260106	546116	1462750	2008866	3	15	0	0
20260107	544477	1429100	1973577	3	11	0	0
20260108	81942	1852500	1934442	4	12	0	0
20260109	81942	1840650	1922592	4	14	0	0
20260112	1027600	934800	1962400	2	18	0	0
20260113	119664	1858100	1977764	4	17	0	0
20260114	1129244	875500	2004744	2	16	0	0
20260115	1527139	496000	2023139	1	15	0	0
20260116	571996	1452400	2024396	3	15	0	0
20260119	-835515	2866400	2030885	6	20	0	0
20260120	-880458	2967100	2086642	6	20	0	0
20260121	-2287669	4353000	2065331	9	21	0	0
20260122	-771535	2894400	2122865	6	21	0	0
20260123	-292709	2461200	2168491	5	20	0	0
20260126	-188781	2346800	2158019	5	20	0	0
20260127	-670053	2901100	2231047	6	18	0	0
20260128	784602	1457600	2242202	3	20	0	0
20260129	371695	1902400	2274095	4	18	0	0
20260130	-565096	2844300	2279204	6	17	0	0
20260202	-1454229	3643400	2189171	8	17	0	0
20260203	-534610	2882500	2347890	6	14	0	0
20260204	929984	1485430	2415414	3	12	0	0
20260205	1480917	936800	2417717	2	12	0	0
20260206	-16661	2454120	2437459	5	10	0	0
20260209	2491794	0	2491794	0	11	0	0
20260210	2030225	464500	2494725	1	11	0	0
20260211	2514182	0	2514182	0	8	0	0
20260212	1549788	972050	2521838	2	9	0	0
20260213	1549788	971850	2521638	2	12	0	0
20260219	2065027	479000	2544027	1	10	0	0
20260220	1128887	1425100	2553987	3	14	0	0
20260223	2149688	429000	2578688	1	15	0	0
20260224	1157839	1423000	2580839	3	16	0	0
20260225	1676721	928500	2605221	2	15	0	0
20260226	1264892	1393700	2658592	3	16	0	0
20260227	703999	1921310	2625309	4	18	0	0
20260303	335053	2284990	2620043	5	12	0	0
20260304	2031711	456500	2488211	1	6	0	0
20260305	2031711	484000	2515711	1	1	0	0
20260306	2031711	470000	2501711	1	1	0	0
20260309	2471763	0	2471763	0	1	0	0
20260310	2471763	0	2471763	0	0	0	0
20260311	2471763	0	2471763	0	0	0	0
20260312	2471763	0	2471763	0	0	0	0
20260313	2471763	0	2471763	0	0	0	0
20260316	2471763	0	2471763	0	0	0	0
20260317	2471763	0	2471763	0	0	0	0
20260318	2471763	0	2471763	0	0	0	0
20260319	2471763	0	2471763	0	0	0	0
20260320	2471763	0	2471763	0	0	0	0
20260323	2471763	0	2471763	0	0	0	0
20260324	2471763	0	2471763	0	0	0	0
20260325	2471763	0	2471763	0	0	0	0
20260326	2471763	0	2471763	0	0	0	0
20260327	2471763	0	2471763	0	0	0	0
20260330	2471763	0	2471763	0	0	0	0
20260331	1052550	1420600	2473150	3	4	0	0
20260401	1542495	962200	2504695	2	4	0	0
20260402	1048421	1410000	2458421	3	4	0	0
20260403	1524395	961400	2485795	2	4	0	0
20260406	2488119	0	2488119	0	2	0	0
20260407	2012047	472800	2484847	1	1	0	0
20260408	2500595	0	2500595	0	2	0	0
20260409	2500595	0	2500595	0	1	0	0
20260410	2500595	0	2500595	0	0	0	0
20260413	2002920	504000	2506920	1	1	0	0
20260414	2002920	513600	2516520	1	3	0	0
20260415	2002920	515200	2518120	1	7	0	0
20260416	2002920	508800	2511720	1	6	0	0
20260417	1503045	1014500	2517545	2	7	0	0
20260420	2005263	502400	2507663	1	6	0	0
20260421	1506188	1000600	2506788	2	7	0	0
20260422	529662	1968170	2497832	4	10	0	0
20260423	537623	1970260	2507883	4	18	0	0
20260424	1514219	991400	2505619	2	14	0	0
20260427	1514219	992000	2506219	2	13	0	0
20260428	1514219	990200	2504419	2	13	0	0
20260429	2071723	447000	2518723	1	17	0	0
20260430	1572148	931500	2503648	2	15	0	0
20260504	1572148	934000	2506148	2	17	0	0
20260506	1607015	897000	2504015	2	16	0	0
20260507	1582784	955800	2538584	2	10	0	0
20260508	1560221	952200	2512421	2	9	0	0
20260511	1068337	1451400	2519737	3	8	0	0
20260512	2022181	472150	2494331	1	7	0	0
20260513	2022181	489250	2511431	1	3	0	0
20260514	2537870	0	2537870	0	3	0	0
20260515	2061699	468900	2530599	1	2	0	0
20260518	1570125	962400	2532525	2	3	0	0
20260519	1570125	952900	2523025	2	3	0	0
20260520	1570125	936900	2507025	2	3	0	0
20260521	2040711	514000	2554711	1	3	0	0
20260522	2577554	0	2577554	0	1	0	0
20260526	2577554	0	2577554	0	0	0	0
20260527	2577554	0	2577554	0	0	0	0
20260528	2577554	0	2577554	0	1	0	0
20260529	2577554	0	2577554	0	1	0	0
20260601	2577554	0	2577554	0	1	0	0
20260602	2577554	0	2577554	0	1	0	0
20260604	2577554	0	2577554	0	1	0	0
20260605	2577554	0	2577554	0	1	0	0
20260608	2577554	0	2577554	0	1	0	0
20260609	2577554	0	2577554	0	0	0	0
20260610	2577554	0	2577554	0	0	0	0
20260611	2577554	0	2577554	0	0	0	0
20260612	2577554	0	2577554	0	0	0	0
20260615	2577554	0	2577554	0	1	0	0
20260616	2577554	0	2577554	0	1	0	0
20260617	2577554	0	2577554	0	1	0	0
20260618	2577554	0	2577554	0	1	0	0
20260619	2577554	0	2577554	0	0	0	0
20260622	2577554	0	2577554	0	0	0	0
20260623	2577554	0	2577554	0	0	0	0
20260624	2577554	0	2577554	0	0	0	0
20260625	2577554	0	2577554	0	0	0	0
20260626	2577554	0	2577554	0	0	0	0
20260629	2577554	0	2577554	0	0	0	0
20260630	2577554	0	2577554	0	0	0	0
20260701	2577554	0	2577554	0	0	0	0
20260702	2577554	0	2577554	0	0	0	0
20260703	2577554	0	2577554	0	0	0	0
20260706	2577554	0	2577554	0	0	0	0
20260707	2577554	0	2577554	0	0	0	0
20260708	2577554	0	2577554	0	0	0	0
20260709	2577554	0	2577554	0	0	0	0
20260710	2577554	0	2577554	0	0	0	0
20260713	2577554	0	2577554	0	0	0	0
20260714	2577554	0	2577554	0	0	0	0
20260715	2577554	0	2577554	0	0	0	0
20260716	2577554	0	2577554	0	0	0	0
20260720	2577554	0	2577554	0	0	0	0
20260721	2577554	0	2577554	0	0	0	0
20260722	2577554	0	2577554	0	0	0	0
20260723	2577554	0	2577554	0	0	0	0
20260724	2577554	0	2577554	0	0	0	0
20260727	2577554	0	2577554	0	0	0	0
20260728	2577554	0	2577554	0	0	0	0
20260729	2577554	0	2577554	0	0	0	0
20260730	2577554	0	2577554	0	0	0	0
20260731	2577554	0	2577554	0	0	0	0
20260803	2577554	0	2577554	0	1	0	0
20260804	2577554	0	2577554	0	1	0	0
20260805	2577554	0	2577554	0	1	0	0
20260806	2577554	0	2577554	0	1	0	0
20260807	2577554	0	2577554	0	1	0	0
20260810	2577554	0	2577554	0	1	0	0
20260811	2577554	0	2577554	0	2	0	0
20260812	2082980	491050	2574030	1	3	0	0
20260813	2082980	484150	2567130	1	1	0	0
20260814	2082980	488750	2571730	1	2	0	0
20260818	2601663	0	2601663	0	3	0	0
20260819	2104788	499100	2603888	1	2	0	0
20260820	2104788	487600	2592388	1	2	0	0
20260821	2104788	496800	2601588	1	1	0	0
20260824	2625766	0	2625766	0	1	0	0
20260825	2625766	0	2625766	0	2	0	0
20260826	2128891	491050	2619941	1	3	0	0
20260827	1710328	906850	2617178	2	4	0	0
20260828	1710328	923600	2633928	2	5	0	0
20260831	1710328	911850	2622178	2	5	0	0
20260901	1730726	902500	2633226	2	6	0	0
20260902	1293660	1331500	2625160	3	7	0	0
20260903	1701282	923000	2624282	2	8	0	0
20260904	1701282	930000	2631282	2	8	0	0
20260907	2153831	478800	2632631	1	10	0	0
20260908	1661397	967740	2629137	2	8	0	0
20260909	1175847	1435900	2611747	3	9	0	0
20260910	1151160	1459450	2610610	3	8	0	0
20260911	2091733	492150	2583883	1	5	0	0
20260914	2101041	507450	2608491	1	5	0	0
20260915	2101041	498950	2599991	1	4	0	0
20260916	2589588	0	2589588	0	4	0	0
20260917	2589588	0	2589588	0	5	0	0
20260918	2123468	469300	2591759	1	6	0	0
20250919	49708	1955350	2005058	2	28	3	2
20250922	48661	1938900	1987561	2	25	2	2
20250923	47105	1981150	2028255	2	24	2	2
20250924	47105	1992800	2039905	2	22	3	2
20250925	75027	1964500	2039527	2	20	2	2
20250926	75027	1885100	1960127	2	12	2	2
20250929	956627	1010800	1967427	1	9	0	2
20250930	234	1971600	1971834	2	11	1	2
20251001	234	1973150	1973384	2	10	3	2
20251002	46664	1911450	1958114	2	9	1	2
20251010	28411	1926660	1955071	2	11	0	2
20251013	28411	1900580	1928991	2	11	1	2
20251014	28411	1862700	1891111	2	12	2	2
20251015	1012989	924300	1937289	1	10	0	2
20251016	27241	1926300	1953541	2	14	1	2
20251017	27241	1942500	1969741	2	15	0	2
20251020	27241	1961600	1988841	2	15	2	2
20251021	2033020	0	2033020	0	16	0	2
20251022	98329	1965600	2063929	2	17	1	2
20251023	98329	1937000	2035329	2	22	3	2
20251024	98329	1961700	2060029	2	21	2	2
20251027	142653	1934100	2076753	2	19	1	2
20251028	136030	1896800	2032830	2	19	1	2
20251029	136030	1900800	2036830	2	21	3	2
20251030	136030	1884100	2020130	2	19	3	2
20251031	136030	1880500	2016530	2	16	4	2
20251103	136030	1896900	2032930	2	16	2	2
20251104	108225	1875600	1983825	2	16	0	2
20251105	93892	1863800	1957692	2	11	4	2
20251106	65451	1879800	1945251	2	11	4	2
20251107	65451	1851100	1916551	2	11	7	2
20251110	87198	1891000	1978198	2	13	2	2
20251111	19440	1994900	2014340	2	11	3	2
20251112	19440	2063500	2082940	2	11	2	2
20251113	250648	1856600	2107248	2	10	1	2
20251114	250648	1813900	2064548	2	14	5	2
20251117	250648	1833600	2084248	2	14	6	2
20251118	250648	1763700	2014348	2	13	6	2
20251119	84094	1923100	2007194	2	12	3	2
20251120	63845	1945100	2008945	2	10	2	2
20251121	57644	1917450	1975094	2	8	1	2
20251124	1009560	963000	1972560	1	8	0	2
20251125	14211	1944800	1959011	2	4	0	2
20251126	14211	1966760	1980971	2	4	0	2
20251127	14211	1959320	1973531	2	4	0	2
20251128	56619	1924200	1980819	2	5	0	2
20251201	56839	1936200	1993039	2	7	1	2
20251202	56839	1960200	2017039	2	6	1	2
20251203	58804	1959150	2017954	2	11	2	2
20251204	58804	1965500	2024304	2	10	3	2
20251205	58804	1964950	2023754	2	14	6	2
20251208	58804	1954300	2013104	2	17	9	2
20251209	90182	1927800	2017982	2	21	9	2
20251210	20727	1971300	1992027	2	23	10	2
20251211	20727	1975450	1996177	2	25	8	2
20251212	21	2044100	2044121	2	18	3	2
20251215	13827	1978600	1992427	2	16	1	2
20251216	13827	1961400	1975227	2	21	3	2
20251217	13827	1935900	1949727	2	13	2	2
20251218	18243	1857500	1875743	2	13	4	2
20251219	18243	1876900	1895143	2	10	6	2
20251222	36975	1879800	1916775	2	8	3	2
20251223	36975	1879800	1916775	2	10	4	2
20251224	36975	1876400	1913375	2	13	6	2
20251226	18898	1875200	1894098	2	12	4	2
20251229	18898	1866000	1884898	2	13	5	2
20251230	17633	1844750	1862383	2	14	4	2
20260102	17633	1821750	1839383	2	14	4	2
20260105	17633	1840000	1857633	2	12	3	2
20260106	82919	1788000	1870919	2	14	1	2
20260107	51851	1789500	1841351	2	11	1	2
20260108	34030	1765900	1799930	2	12	2	2
20260109	34030	1748700	1782730	2	14	2	2
20260112	46457	1753200	1799657	2	17	0	2
20260113	46457	1761200	1807657	2	17	2	2
20260114	17028	1838900	1855928	2	15	0	2
20260115	910210	992000	1902210	1	15	0	2
20260116	41079	1861600	1902679	2	15	1	2
20260119	41079	1852700	1893779	2	20	4	2
20260120	41079	1875300	1916379	2	20	2	2
20260121	41079	1846800	1887879	2	21	7	2
20260122	37879	1881800	1919679	2	21	3	2
20260123	80793	1903700	1984493	2	20	3	2
20260126	83084	1878100	1961184	2	20	3	2
20260127	83084	1927000	2010084	2	18	3	2
20260128	50183	1954550	2004733	2	19	0	2
20260129	83382	1926100	2009482	2	18	3	2
20260130	83382	1924050	2007432	2	17	3	2
20260202	83382	1888500	1971882	2	17	6	2
20260203	83382	1971500	2054882	2	14	3	2
20260204	252820	1907400	2160220	2	12	1	2
20260205	252820	1881700	2134520	2	12	2	2
20260206	149555	1969100	2118655	2	11	3	2
20260209	1187918	1008100	2196018	1	10	0	2
20260210	1280890	929000	2209890	1	11	0	2
20260211	2248805	0	2248805	0	8	0	2
20260212	298762	1965450	2264212	2	9	0	2
20260213	298762	1965150	2263912	2	12	0	2
20260219	1351644	958000	2309644	1	10	0	2
20260220	402501	1915800	2318301	2	14	1	2
20260223	1400351	929500	2329851	1	15	0	2
20260224	409803	1916100	2325903	2	16	1	2
20260225	1447567	929500	2377067	1	15	0	2
20260226	497924	1915400	2413324	2	16	2	2
20260227	434187	1939100	2373287	2	18	2	2
20260303	624534	1823800	2448334	2	12	3	2
20260304	1373508	913000	2286508	1	3	0	2
20260305	1373508	968000	2341508	1	1	0	2
20260306	1373508	940000	2313508	1	1	0	2
20260309	2253611	0	2253611	0	1	0	2
20260310	2253611	0	2253611	0	0	0	2
20260311	2253611	0	2253611	0	0	0	2
20260312	2253611	0	2253611	0	0	0	2
20260313	2253611	0	2253611	0	0	0	2
20260316	2253611	0	2253611	0	0	0	2
20260317	2253611	0	2253611	0	0	0	2
20260318	2253611	0	2253611	0	0	0	2
20260319	2253611	0	2253611	0	0	0	2
20260320	2253611	0	2253611	0	0	0	2
20260323	2253611	0	2253611	0	0	0	2
20260324	2253611	0	2253611	0	0	0	2
20260325	2253611	0	2253611	0	0	0	2
20260326	2253611	0	2253611	0	0	0	2
20260327	2253611	0	2253611	0	0	0	2
20260330	2253611	0	2253611	0	0	0	2
20260331	373329	1883200	2256529	2	4	1	2
20260401	373329	1924400	2297729	2	3	0	2
20260402	373329	1884000	2257329	2	4	1	2
20260403	373329	1922800	2296129	2	3	0	2
20260406	2300776	0	2300776	0	2	0	2
20260407	1348634	945600	2294234	1	1	0	2
20260408	2325728	0	2325728	0	2	0	2
20260409	2325728	0	2325728	0	1	0	2
20260410	2325728	0	2325728	0	0	0	2
20260413	1330379	1008000	2338379	1	1	0	2
20260414	1330379	1027200	2357579	1	3	0	2
20260415	1330379	1030400	2360779	1	7	0	2
20260416	1330379	1017600	2347979	1	6	0	2
20260417	330629	2029000	2359629	2	7	0	2
20260420	1335065	1004800	2339865	1	6	0	2
20260421	336915	2001200	2338115	2	7	0	2
20260422	336915	1974800	2311715	2	10	2	2
20260423	336915	1991000	2327915	2	18	2	2
20260424	1323589	1000000	2323589	1	13	0	2
20260427	346243	1984000	2330243	2	13	0	2
20260428	346243	1980400	2326643	2	13	0	2
20260429	1389341	968500	2357841	1	17	0	2
20260430	390191	1935000	2325191	2	15	0	2
20260504	390191	1942000	2332191	2	17	0	2
20260506	383413	1943500	2326913	2	16	0	2
20260507	377649	1990200	2367849	2	10	1	2
20260508	303519	2020400	2323919	2	9	0	2
20260511	363421	1951850	2315271	2	8	1	2
20260512	1284836	944300	2229136	1	7	0	2
20260513	1284836	978500	2263336	1	3	0	2
20260514	2316214	0	2316214	0	3	0	2
20260515	1337417	963850	2301267	1	2	0	2
20260518	354269	1950350	2304619	2	3	0	2
20260519	354269	1931600	2285869	2	3	0	2
20260520	354269	1898600	2252869	2	3	0	2
20260521	1321585	1028000	2349585	1	3	0	2
20260522	2395272	0	2395272	0	1	0	2
20260526	2395272	0	2395272	0	0	0	2
20260527	2395272	0	2395272	0	0	0	2
20260528	2395272	0	2395272	0	1	0	2
20260529	2395272	0	2395272	0	1	0	2
20260601	2395272	0	2395272	0	1	0	2
20260602	2395272	0	2395272	0	1	0	2
20260604	2395272	0	2395272	0	1	0	2
20260605	2395272	0	2395272	0	1	0	2
20260608	2395272	0	2395272	0	1	0	2
20260609	2395272	0	2395272	0	0	0	2
20260610	2395272	0	2395272	0	0	0	2
20260611	2395272	0	2395272	0	0	0	2
20260612	2395272	0	2395272	0	0	0	2
20260615	2395272	0	2395272	0	1	0	2
20260616	2395272	0	2395272	0	1	0	2
20260617	2395272	0	2395272	0	1	0	2
20260618	2395272	0	2395272	0	1	0	2
20260619	2395272	0	2395272	0	0	0	2
20260622	2395272	0	2395272	0	0	0	2
20260623	2395272	0	2395272	0	0	0	2
20260624	2395272	0	2395272	0	0	0	2
20260625	2395272	0	2395272	0	0	0	2
20260626	2395272	0	2395272	0	0	0	2
20260629	2395272	0	2395272	0	0	0	2
20260630	2395272	0	2395272	0	0	0	2
20260701	2395272	0	2395272	0	0	0	2
20260702	2395272	0	2395272	0	0	0	2
20260703	2395272	0	2395272	0	0	0	2
20260706	2395272	0	2395272	0	0	0	2
20260707	2395272	0	2395272	0	0	0	2
20260708	2395272	0	2395272	0	0	0	2
20260709	2395272	0	2395272	0	0	0	2
20260710	2395272	0	2395272	0	0	0	2
20260713	2395272	0	2395272	0	0	0	2
20260714	2395272	0	2395272	0	0	0	2
20260715	2395272	0	2395272	0	0	0	2
20260716	2395272	0	2395272	0	0	0	2
20260720	2395272	0	2395272	0	0	0	2
20260721	2395272	0	2395272	0	0	0	2
20260722	2395272	0	2395272	0	0	0	2
20260723	2395272	0	2395272	0	0	0	2
20260724	2395272	0	2395272	0	0	0	2
20260727	2395272	0	2395272	0	0	0	2
20260728	2395272	0	2395272	0	0	0	2
20260729	2395272	0	2395272	0	0	0	2
20260730	2395272	0	2395272	0	0	0	2
20260731	2395272	0	2395272	0	0	0	2
20260803	2395272	0	2395272	0	1	0	2
20260804	2395272	0	2395272	0	1	0	2
20260805	2395272	0	2395272	0	1	0	2
20260806	2395272	0	2395272	0	1	0	2
20260807	2395272	0	2395272	0	1	0	2
20260810	2395272	0	2395272	0	1	0	2
20260811	2395272	0	2395272	0	2	0	2
20260812	1406123	982100	2388223	1	3	0	2
20260813	1406123	968300	2374423	1	1	0	2
20260814	1406123	977500	2383623	1	2	0	2
20260818	2443488	0	2443488	0	3	0	2
20260819	1449739	998200	2447939	1	2	0	2
20260820	1449739	975200	2424939	1	2	0	2
20260821	1449739	993600	2443339	1	1	0	2
20260824	2491694	0	2491694	0	1	0	2
20260825	2491694	0	2491694	0	2	0	2
20260826	1497945	982100	2480045	1	3	0	2
20260827	577107	1896400	2473507	2	4	0	2
20260828	577107	1932100	2509207	2	5	0	2
20260831	577107	1907400	2484507	2	5	0	2
20260901	606900	1887700	2494600	2	6	0	2
20260902	606900	1881300	2488200	2	7	1	2
20260903	1503668	982000	2485668	1	7	0	2
20260904	1503668	994000	2497668	1	7	0	2
20260907	1524244	991800	2516044	1	9	0	2
20260908	524454	1984410	2508864	2	8	0	2
20260909	552321	1927300	2479621	2	9	1	2
20260910	536524	1956900	2493424	2	7	0	2
20260911	1468716	984300	2453016	1	4	0	2
20260914	1488046	1014900	2502946	1	5	0	2
20260915	1488046	997900	2485946	1	4	0	2
20260916	2465141	0	2465141	0	4	0	2
20260917	2465141	0	2465141	0	5	0	2
20260918	1497045	974700	2469650	1	6	0	2
20250919	26904	1987400	2014304	3	28	2	3
20250922	20618	1960710	1981328	3	25	1	3
20250923	47893	1961950	2009843	3	25	1	3
20250924	47893	1971650	2019543	3	22	2	3
20250925	66508	1939750	2006258	3	20	1	3
20250926	66508	1870000	1936508	3	12	1	3
20250929	1292865	665000	1957865	1	10	0	3
20250930	60930	1906650	1967580	3	11	0	3
20251001	60930	1898000	1958930	3	10	2	3
20251002	1809	1958350	1960159	3	10	0	3
20251010	677702	1278420	1956122	2	11	0	3
20251013	13103	1928160	1941263	3	11	0	3
20251014	13103	1871100	1884203	3	12	1	3
20251015	639653	1286400	1926053	2	11	0	3
20251016	54565	1915300	1969865	3	14	0	3
20251017	54565	1927400	1981965	3	15	0	3
20251020	54565	1940600	1995165	3	15	1	3
20251021	2042182	0	2042182	0	16	0	3
20251022	135096	1939300	2074396	3	17	0	3
20251023	154043	1916500	2070543	3	22	1	3
20251024	154043	1938200	2092243	3	21	1	3
20251027	149977	1957700	2107677	3	19	0	3
20251028	127500	1938800	2066300	3	19	0	3
20251029	127500	1930400	2057900	3	21	2	3
20251030	112311	1935678	2047989	3	20	2	3
20251031	112311	1941949	2054260	3	16	3	3
20251103	161574	1940000	2101574	3	16	1	3
20251104	890089	1209600	2099689	2	16	0	3
20251105	278843	1805000	2083843	3	11	3	3
20251106	256588	1852400	2108988	3	11	2	3
20251107	256588	1811900	2068488	3	11	6	3
20251110	234831	1885800	2120631	3	13	1	3
20251111	163185	1973110	2136295	3	11	2	3
20251112	163185	2012850	2176035	3	11	1	3
20251113	163185	2017400	2180585	3	10	2	3
20251114	163185	2004970	2168155	3	14	4	3
20251117	163185	1993360	2156545	3	14	5	3
20251118	163185	1939190	2102375	3	13	5	3
20251119	190940	1936000	2126940	3	11	2	3
20251120	171919	1954650	2126569	3	9	1	3
20251121	174589	1928250	2102839	3	8	0	3
20251124	1461616	642000	2103616	1	8	0	3
20251125	808418	1286400	2094818	2	4	0	3
20251126	808418	1300980	2109398	2	4	0	3
20251127	808418	1296060	2104478	2	4	0	3
20251128	825771	1282800	2108571	2	5	0	3
20251201	173020	1953200	2126220	3	7	0	3
20251202	173020	1982000	2155020	3	6	0	3
20251203	167896	1982400	2150296	3	11	1	3
20251204	167896	1977200	2145096	3	10	2	3
20251205	167896	1982800	2150696	3	14	5	3
20251208	167896	1979200	2147096	3	17	8	3
20251209	188815	1965200	2154015	3	21	8	3
20251210	193786	1924800	2118586	3	23	9	3
20251211	193786	1928400	2122186	3	25	7	3
20251212	193852	1956400	2150252	3	18	2	3
20251215	129125	1968100	2097225	3	17	0	3
20251216	129125	1971300	2100425	3	21	2	3
20251217	129125	1947250	2076375	3	13	1	3
20251218	69595	1949600	2019195	3	13	3	3
20251219	69595	1960800	2030395	3	10	5	3
20251222	82082	1977600	2059682	3	8	2	3
20251223	82082	1982400	2064482	3	10	3	3
20251224	100395	1961900	2062295	3	14	5	3
20251226	83087	1960650	2043737	3	13	3	3
20251229	83087	1951300	2034387	3	13	4	3
20251230	57340	1954070	2011410	3	14	3	3
20260102	57340	1931980	1989320	3	14	3	3
20260105	52367	1958900	2011267	3	13	2	3
20260106	40982	1998750	2039732	3	14	0	3
20260107	48060	1943700	1991760	3	11	0	3
20260108	41467	1907800	1949267	3	12	1	3
20260109	41467	1895750	1937217	3	14	1	3
20260112	688971	1265800	1954771	2	18	0	3
20260113	97383	1872400	1969783	3	17	1	3
20260114	787802	1225700	2013502	2	15	0	3
20260115	1419508	620000	2039508	1	15	0	3
20260116	210126	1831000	2041126	3	15	0	3
20260119	210126	1824800	2034926	3	20	3	3
20260120	210126	1866000	2076126	3	20	1	3
20260121	210126	1844400	2054526	3	21	6	3
20260122	148195	1929200	2077395	3	21	2	3
20260123	179405	1934600	2114005	3	20	2	3
20260126	148038	1951900	2099938	3	20	2	3
20260127	148038	2006100	2154138	3	18	2	3
20260128	183847	1965900	2149747	3	19	0	3
20260129	226200	1928900	2155100	3	18	2	3
20260130	226200	1937400	2163600	3	17	3	3
20260202	226200	1893900	2120100	3	17	5	3
20260203	226200	1963000	2189200	3	14	2	3
20260204	260669	2006330	2266999	3	12	0	3
20260205	317530	1939800	2257330	3	12	0	3
20260206	296624	1951900	2248524	3	11	2	3
20260209	2306543	0	2306543	0	10	0	3
20260210	1660346	650300	2310646	1	11	0	3
20260211	2337886	0	2337886	0	8	0	3
20260212	1013238	1335250	2348488	2	9	0	3
20260213	1013238	1334850	2348088	2	12	0	3
20260219	1707691	670600	2378291	1	10	0	3
20260220	403096	1987800	2390896	3	14	0	3
20260223	1780029	643500	2423529	1	15	0	3
20260224	565047	1858900	2423947	3	16	0	3
20260225	1213649	1242900	2456549	2	15	0	3
20260226	570138	1932700	2502838	3	16	1	3
20260227	545991	1929850	2475841	3	18	1	3
20260303	657168	1857400	2514568	3	12	2	3
20260304	1839193	547800	2386993	1	4	0	3
20260305	1839193	580800	2419993	1	1	0	3
20260306	1839193	564000	2403193	1	1	0	3
20260309	2367256	0	2367256	0	1	0	3
20260310	2367256	0	2367256	0	0	0	3
20260311	2367256	0	2367256	0	0	0	3
20260312	2367256	0	2367256	0	0	0	3
20260313	2367256	0	2367256	0	0	0	3
20260316	2367256	0	2367256	0	0	0	3
20260317	2367256	0	2367256	0	0	0	3
20260318	2367256	0	2367256	0	0	0	3
20260319	2367256	0	2367256	0	0	0	3
20260320	2367256	0	2367256	0	0	0	3
20260323	2367256	0	2367256	0	0	0	3
20260324	2367256	0	2367256	0	0	0	3
20260325	2367256	0	2367256	0	0	0	3
20260326	2367256	0	2367256	0	0	0	3
20260327	2367256	0	2367256	0	0	0	3
20260330	2367256	0	2367256	0	0	0	3
20260331	447118	1922250	2369368	3	4	0	3
20260401	1108542	1303400	2411942	2	4	0	3
20260402	466246	1884200	2350446	3	4	0	3
20260403	1085013	1301700	2386713	2	4	0	3
20260406	2389901	0	2389901	0	2	0	3
20260407	1735303	650100	2385403	1	1	0	3
20260408	2407056	0	2407056	0	2	0	3
20260409	2407056	0	2407056	0	1	0	3
20260410	2407056	0	2407056	0	0	0	3
20260413	1784963	630000	2414963	1	1	0	3
20260414	1784963	642000	2426963	1	3	0	3
20260415	1784963	644000	2428963	1	7	0	3
20260416	1784963	636000	2420963	1	6	0	3
20260417	1142266	1286100	2428366	2	7	0	3
20260420	1787975	628000	2415975	1	6	0	3
20260421	1189085	1225800	2414885	2	7	0	3
20260422	533007	1862070	2395077	3	10	1	3
20260423	533007	1872260	2405267	3	18	1	3
20260424	1799578	600000	2399578	1	14	0	3
20260427	1136378	1267950	2404328	2	13	0	3
20260428	1136378	1265350	2401728	2	13	0	3
20260429	1753108	670500	2423608	1	17	0	3
20260430	1153618	1247400	2401018	2	15	0	3
20260504	1153618	1254000	2407618	2	17	0	3
20260506	1134249	1268600	2402849	2	16	0	3
20260507	1178320	1274400	2452720	2	10	0	3
20260508	1160604	1257400	2418004	2	9	0	3
20260511	536330	1891100	2427430	3	8	0	3
20260512	1772566	621250	2393816	1	7	0	3
20260513	1772566	643750	2416316	1	3	0	3
20260514	2451104	0	2451104	0	3	0	3
20260515	1789755	651250	2441005	1	2	0	3
20260518	1199867	1241750	2441617	2	3	0	3
20260519	1199867	1231200	2431067	2	3	0	3
20260520	1199867	1208600	2408467	2	3	0	3
20260521	1853458	616800	2470258	1	3	0	3
20260522	2497670	0	2497670	0	1	0	3
20260526	2497670	0	2497670	0	0	0	3
20260527	2497670	0	2497670	0	0	0	3
20260528	2497670	0	2497670	0	1	0	3
20260529	2497670	0	2497670	0	1	0	3
20260601	2497670	0	2497670	0	1	0	3
20260602	2497670	0	2497670	0	1	0	3
20260604	2497670	0	2497670	0	1	0	3
20260605	2497670	0	2497670	0	1	0	3
20260608	2497670	0	2497670	0	1	0	3
20260609	2497670	0	2497670	0	0	0	3
20260610	2497670	0	2497670	0	0	0	3
20260611	2497670	0	2497670	0	0	0	3
20260612	2497670	0	2497670	0	0	0	3
20260615	2497670	0	2497670	0	1	0	3
20260616	2497670	0	2497670	0	1	0	3
20260617	2497670	0	2497670	0	1	0	3
20260618	2497670	0	2497670	0	1	0	3
20260619	2497670	0	2497670	0	0	0	3
20260622	2497670	0	2497670	0	0	0	3
20260623	2497670	0	2497670	0	0	0	3
20260624	2497670	0	2497670	0	0	0	3
20260625	2497670	0	2497670	0	0	0	3
20260626	2497670	0	2497670	0	0	0	3
20260629	2497670	0	2497670	0	0	0	3
20260630	2497670	0	2497670	0	0	0	3
20260701	2497670	0	2497670	0	0	0	3
20260702	2497670	0	2497670	0	0	0	3
20260703	2497670	0	2497670	0	0	0	3
20260706	2497670	0	2497670	0	0	0	3
20260707	2497670	0	2497670	0	0	0	3
20260708	2497670	0	2497670	0	0	0	3
20260709	2497670	0	2497670	0	0	0	3
20260710	2497670	0	2497670	0	0	0	3
20260713	2497670	0	2497670	0	0	0	3
20260714	2497670	0	2497670	0	0	0	3
20260715	2497670	0	2497670	0	0	0	3
20260716	2497670	0	2497670	0	0	0	3
20260720	2497670	0	2497670	0	0	0	3
20260721	2497670	0	2497670	0	0	0	3
20260722	2497670	0	2497670	0	0	0	3
20260723	2497670	0	2497670	0	0	0	3
20260724	2497670	0	2497670	0	0	0	3
20260727	2497670	0	2497670	0	0	0	3
20260728	2497670	0	2497670	0	0	0	3
20260729	2497670	0	2497670	0	0	0	3
20260730	2497670	0	2497670	0	0	0	3
20260731	2497670	0	2497670	0	0	0	3
20260803	2497670	0	2497670	0	1	0	3
20260804	2497670	0	2497670	0	1	0	3
20260805	2497670	0	2497670	0	1	0	3
20260806	2497670	0	2497670	0	1	0	3
20260807	2497670	0	2497670	0	1	0	3
20260810	2497670	0	2497670	0	1	0	3
20260811	2497670	0	2497670	0	2	0	3
20260812	1831070	661850	2492920	1	3	0	3
20260813	1831070	652550	2483620	1	1	0	3
20260814	1831070	658750	2489820	1	2	0	3
20260818	2530164	0	2530164	0	3	0	3
20260819	1882067	651000	2533067	1	2	0	3
20260820	1882067	636000	2518067	1	2	0	3
20260821	1882067	648000	2530067	1	1	0	3
20260824	2561603	0	2561603	0	1	0	3
20260825	2561603	0	2561603	0	2	0	3
20260826	1913505	640500	2554005	1	3	0	3
20260827	1327518	1222400	2549918	2	4	0	3
20260828	1327518	1245300	2572818	2	5	0	3
20260831	1327518	1229400	2556918	2	5	0	3
20260901	1404322	1165700	2570022	2	6	0	3
20260902	792430	1765400	2557830	3	7	0	3
20260903	1363100	1194000	2557100	2	8	0	3
20260904	1363100	1202600	2565700	2	8	0	3
20260907	1917894	649800	2567694	1	10	0	3
20260908	1261316	1301670	2562986	2	8	0	3
20260909	679526	1860500	2540026	3	9	0	3
20260910	677205	1862100	2539305	3	8	0	3
20260911	1868040	636900	2504940	1	5	0	3
20260914	1880927	656700	2537627	1	5	0	3
20260915	1880927	645700	2526627	1	4	0	3
20260916	2513164	0	2513164	0	4	0	3
20260917	2513164	0	2513164	0	5	0	3
20260918	1867768	649800	2516170	1	6	0	3
20250919	62469	1941290	2003759	4	28	1	4
20250922	93000	1901620	1994620	4	25	0	4
20250923	148872	1844150	1993022	4	25	0	4
20250924	148872	1847600	1996472	4	22	1	4
20250925	182552	1805600	1988152	4	20	0	4
20250926	575944	1364800	1940744	3	13	0	4
20250929	1484586	478800	1963386	1	10	0	4
20250930	518191	1453300	1971491	3	11	0	4
20251001	24617	1939450	1964067	4	10	1	4
20251002	490567	1488750	1979317	3	10	0	4
20251010	992037	984320	1976357	2	11	0	4
20251013	504664	1460060	1964724	3	11	0	4
20251014	10390	1908250	1918640	4	12	0	4
20251015	487761	1478950	1966711	3	11	0	4
20251016	19691	1976400	1996091	4	15	0	4
20251017	19691	1985150	2004841	4	16	0	4
20251020	569375	1444100	2013475	3	16	0	4
20251021	1601823	443400	2045223	1	16	0	4
20251022	678285	1384000	2062285	3	17	0	4
20251023	677153	1382400	2059553	3	22	0	4
20251024	179829	1896700	2076529	4	21	0	4
20251027	657000	1426600	2083600	3	19	0	4
20251028	652985	1398600	2051585	3	19	0	4
20251029	215919	1821000	2036919	4	21	1	4
20251030	144899	1879052	2023951	4	21	1	4
20251031	208453	1825071	2033524	4	17	2	4
20251103	228627	1840400	2069027	4	16	0	4
20251104	1123699	937800	2061499	2	16	0	4
20251105	142636	1912200	2054836	4	11	2	4
20251106	128605	1962700	2091305	4	12	1	4
20251107	128605	1915420	2044025	4	11	5	4
20251110	690691	1422600	2113291	3	13	0	4
20251111	219283	1905380	2124663	4	11	1	4
20251112	219283	1954450	2173733	4	11	1	4
20251113	248149	1932300	2180449	4	10	1	4
20251114	248149	1911360	2159509	4	14	3	4
20251117	248149	1908980	2157129	4	14	4	4
20251118	248149	1850520	2098669	4	13	4	4
20251119	228383	1880200	2108583	4	12	1	4
20251120	197044	1908300	2105344	4	10	0	4
20251121	659547	1431000	2090547	3	8	0	4
20251124	1609700	481500	2091200	1	8	0	4
20251125	1112026	972400	2084426	2	4	0	4
20251126	1112026	983380	2095406	2	4	0	4
20251127	1112026	979660	2091686	2	4	0	4
20251128	1132629	962100	2094729	2	5	0	4
20251201	643066	1464900	2107966	3	7	0	4
20251202	643066	1486500	2129566	3	6	0	4
20251203	146069	1979040	2125109	4	11	0	4
20251204	146069	1973460	2119529	4	10	1	4
20251205	146069	1976400	2122469	4	14	4	4
20251208	146069	1973700	2119769	4	17	7	4
20251209	161758	1963620	2125378	4	21	7	4
20251210	165486	1931640	2097126	4	23	8	4
20251211	165486	1934760	2100246	4	25	6	4
20251212	169211	1948300	2117511	4	19	1	4
20251215	585187	1482500	2067687	3	18	0	4
20251216	103115	1958700	2061815	4	21	1	4
20251217	103115	1926550	2029665	4	14	1	4
20251218	30880	1939200	1970080	4	14	2	4
20251219	30880	1954800	1985680	4	10	4	4
20251222	35745	1970100	2005845	4	8	1	4
20251223	35745	1971000	2006745	4	10	2	4
20251224	56543	1950300	2006843	4	14	4	4
20251226	59006	1928050	1987056	4	13	2	4
20251229	59006	1922300	1981306	4	13	3	4
20251230	44471	1916800	1961271	4	14	2	4
20260102	44471	1905250	1949721	4	14	2	4
20260105	52273	1907650	1959923	4	13	1	4
20260106	528657	1462750	1991407	3	14	0	4
20260107	527018	1429100	1956118	3	11	0	4
20260108	64483	1852500	1916983	4	12	0	4
20260109	64483	1840650	1905133	4	14	0	4
20260112	1010141	934800	1944941	2	18	0	4
20260113	102205	1858100	1960305	4	17	0	4
20260114	1111785	875500	1987285	2	16	0	4
20260115	1509681	496000	2005681	1	15	0	4
20260116	554537	1452400	2006937	3	15	0	4
20260119	116972	1892200	2009172	4	20	2	4
20260120	72029	1976900	2048929	4	20	0	4
20260121	72029	1952600	2024629	4	21	5	4
20260122	92224	1968900	2061124	4	21	1	4
20260123	115033	1979200	2094233	4	20	2	4
20260126	128105	1950000	2078105	4	20	2	4
20260127	212151	1927100	2139251	4	18	1	4
20260128	692506	1457600	2150106	3	19	0	4
20260129	260165	1902400	2162565	4	18	1	4
20260130	260165	1904900	2165065	4	17	3	4
20260202	260165	1870500	2130665	4	17	4	4
20260203	260165	1939900	2200065	4	14	2	4
20260204	777967	1485430	2263397	3	12	0	4
20260205	856418	1400800	2257218	3	12	0	4
20260206	266652	1982920	2249572	4	11	1	4
20260209	2301328	0	2301328	0	11	0	4
20260210	1839759	464500	2304259	1	11	0	4
20260211	2323716	0	2323716	0	8	0	4
20260212	1359321	972050	2331371	2	9	0	4
20260213	1359321	971850	2331171	2	12	0	4
20260219	1874561	479000	2353561	1	10	0	4
20260220	938421	1425100	2363521	3	14	0	4
20260223	1959221	429000	2388221	1	15	0	4
20260224	967372	1423000	2390372	3	16	0	4
20260225	1486254	928500	2414754	2	15	0	4
20260226	1072025	1393700	2465725	3	16	0	4
20260227	511133	1921310	2432443	4	18	0	4
20260303	642062	1808990	2451052	4	12	1	4
20260304	1895974	456500	2352474	1	5	0	4
20260305	1895974	484000	2379974	1	1	0	4
20260306	1895974	470000	2365974	1	1	0	4
20260309	2336025	0	2336025	0	1	0	4
20260310	2336025	0	2336025	0	0	0	4
20260311	2336025	0	2336025	0	0	0	4
20260312	2336025	0	2336025	0	0	0	4
20260313	2336025	0	2336025	0	0	0	4
20260316	2336025	0	2336025	0	0	0	4
20260317	2336025	0	2336025	0	0	0	4
20260318	2336025	0	2336025	0	0	0	4
20260319	2336025	0	2336025	0	0	0	4
20260320	2336025	0	2336025	0	0	0	4
20260323	2336025	0	2336025	0	0	0	4
20260324	2336025	0	2336025	0	0	0	4
20260325	2336025	0	2336025	0	0	0	4
20260326	2336025	0	2336025	0	0	0	4
20260327	2336025	0	2336025	0	0	0	4
20260330	2336025	0	2336025	0	0	0	4
20260331	916813	1420600	2337413	3	4	0	4
20260401	1406757	962200	2368957	2	4	0	4
20260402	912683	1410000	2322683	3	4	0	4
20260403	1388657	961400	2350057	2	4	0	4
20260406	2352381	0	2352381	0	2	0	4
20260407	1876309	472800	2349109	1	1	0	4
20260408	2364857	0	2364857	0	2	0	4
20260409	2364857	0	2364857	0	1	0	4
20260410	2364857	0	2364857	0	0	0	4
20260413	1867182	504000	2371182	1	1	0	4
20260414	1867182	513600	2380782	1	3	0	4
20260415	1867182	515200	2382382	1	7	0	4
20260416	1867182	508800	2375982	1	6	0	4
20260417	1367307	1014500	2381807	2	7	0	4
20260420	1869525	502400	2371925	1	6	0	4
20260421	1370450	1000600	2371050	2	7	0	4
20260422	393924	1968170	2362094	4	10	0	4
20260423	401885	1970260	2372145	4	18	0	4
20260424	1378481	991400	2369881	2	14	0	4
20260427	1378481	992000	2370481	2	13	0	4
20260428	1378481	990200	2368681	2	13	0	4
20260429	1935985	447000	2382985	1	17	0	4
20260430	1436411	931500	2367911	2	15	0	4
20260504	1436411	934000	2370411	2	17	0	4
20260506	1471277	897000	2368277	2	16	0	4
20260507	1447046	955800	2402846	2	10	0	4
20260508	1424483	952200	2376683	2	9	0	4
20260511	932599	1451400	2383999	3	8	0	4
20260512	1886444	472150	2358594	1	7	0	4
20260513	1886444	489250	2375694	1	3	0	4
20260514	2402132	0	2402132	0	3	0	4
20260515	1925961	468900	2394861	1	2	0	4
20260518	1434387	962400	2396787	2	3	0	4
20260519	1434387	952900	2387287	2	3	0	4
20260520	1434387	936900	2371287	2	3	0	4
20260521	1904973	514000	2418973	1	3	0	4
20260522	2441817	0	2441817	0	1	0	4
20260526	2441817	0	2441817	0	0	0	4
20260527	2441817	0	2441817	0	0	0	4
20260528	2441817	0	2441817	0	1	0	4
20260529	2441817	0	2441817	0	1	0	4
20260601	2441817	0	2441817	0	1	0	4
20260602	2441817	0	2441817	0	1	0	4
20260604	2441817	0	2441817	0	1	0	4
20260605	2441817	0	2441817	0	1	0	4
20260608	2441817	0	2441817	0	1	0	4
20260609	2441817	0	2441817	0	0	0	4
20260610	2441817	0	2441817	0	0	0	4
20260611	2441817	0	2441817	0	0	0	4
20260612	2441817	0	2441817	0	0	0	4
20260615	2441817	0	2441817	0	1	0	4
20260616	2441817	0	2441817	0	1	0	4
20260617	2441817	0	2441817	0	1	0	4
20260618	2441817	0	2441817	0	1	0	4
20260619	2441817	0	2441817	0	0	0	4
20260622	2441817	0	2441817	0	0	0	4
20260623	2441817	0	2441817	0	0	0	4
20260624	2441817	0	2441817	0	0	0	4
20260625	2441817	0	2441817	0	0	0	4
20260626	2441817	0	2441817	0	0	0	4
20260629	2441817	0	2441817	0	0	0	4
20260630	2441817	0	2441817	0	0	0	4
20260701	2441817	0	2441817	0	0	0	4
20260702	2441817	0	2441817	0	0	0	4
20260703	2441817	0	2441817	0	0	0	4
20260706	2441817	0	2441817	0	0	0	4
20260707	2441817	0	2441817	0	0	0	4
20260708	2441817	0	2441817	0	0	0	4
20260709	2441817	0	2441817	0	0	0	4
20260710	2441817	0	2441817	0	0	0	4
20260713	2441817	0	2441817	0	0	0	4
20260714	2441817	0	2441817	0	0	0	4
20260715	2441817	0	2441817	0	0	0	4
20260716	2441817	0	2441817	0	0	0	4
20260720	2441817	0	2441817	0	0	0	4
20260721	2441817	0	2441817	0	0	0	4
20260722	2441817	0	2441817	0	0	0	4
20260723	2441817	0	2441817	0	0	0	4
20260724	2441817	0	2441817	0	0	0	4
20260727	2441817	0	2441817	0	0	0	4
20260728	2441817	0	2441817	0	0	0	4
20260729	2441817	0	2441817	0	0	0	4
20260730	2441817	0	2441817	0	0	0	4
20260731	2441817	0	2441817	0	0	0	4
20260803	2441817	0	2441817	0	1	0	4
20260804	2441817	0	2441817	0	1	0	4
20260805	2441817	0	2441817	0	1	0	4
20260806	2441817	0	2441817	0	1	0	4
20260807	2441817	0	2441817	0	1	0	4
20260810	2441817	0	2441817	0	1	0	4
20260811	2441817	0	2441817	0	2	0	4
20260812	1947242	491050	2438292	1	3	0	4
20260813	1947242	484150	2431392	1	1	0	4
20260814	1947242	488750	2435992	1	2	0	4
20260818	2465925	0	2465925	0	3	0	4
20260819	1969050	499100	2468150	1	2	0	4
20260820	1969050	487600	2456650	1	2	0	4
20260821	1969050	496800	2465850	1	1	0	4
20260824	2490028	0	2490028	0	1	0	4
20260825	2490028	0	2490028	0	2	0	4
20260826	1993153	491050	2484203	1	3	0	4
20260827	1574591	906850	2481441	2	4	0	4
20260828	1574591	923600	2498191	2	5	0	4
20260831	1574591	911850	2486441	2	5	0	4
20260901	1594988	902500	2497488	2	6	0	4
20260902	1157922	1331500	2489422	3	7	0	4
20260903	1565544	923000	2488544	2	8	0	4
20260904	1565544	930000	2495544	2	8	0	4
20260907	2018093	478800	2496893	1	10	0	4
20260908	1525659	967740	2493399	2	8	0	4
20260909	1040109	1435900	2476009	3	9	0	4
20260910	1015422	1459450	2474872	3	8	0	4
20260911	1955996	492150	2448146	1	5	0	4
20260914	1965303	507450	2472753	1	5	0	4
20260915	1965303	498950	2464253	1	4	0	4
20260916	2453850	0	2453850	0	4	0	4
20260917	2453850	0	2453850	0	5	0	4
20260918	1987730	469300	2456021	1	6	0	4
20250919	82432	1927530	2009962	5	28	0	5
20250922	873029	1135290	2008319	3	25	0	5
20250923	448782	1564200	2012982	4	25	0	5
20250924	88228	1931550	2019778	5	22	0	5
20250925	482828	1525850	2008678	4	20	0	5
20250926	820716	1147700	1968416	3	13	0	5
20250929	1588561	399000	1987561	1	10	0	5
20250930	823947	1169450	1993397	3	11	0	5
20251001	72754	1914730	1987484	5	10	0	5
20251002	851825	1145500	1997325	3	10	0	5
20251010	1244280	750260	1994540	2	11	0	5
20251013	845520	1140680	1986200	3	11	0	5
20251014	450101	1499940	1950041	4	12	0	5
20251015	837965	1149120	1987085	3	11	0	5
20251016	486912	1522740	2009652	4	15	0	5
20251017	486912	1529560	2016472	4	16	0	5
20251020	922502	1100100	2022602	3	16	0	5
20251021	1677219	369500	2046719	1	16	0	5
20251022	946610	1113600	2060210	3	17	0	5
20251023	925258	1131650	2056908	3	22	0	5
20251024	544951	1525850	2070801	4	21	0	5
20251027	942594	1135000	2077594	3	19	0	5
20251028	907524	1145200	2052724	3	19	0	5
20251029	162872	1879750	2042622	5	21	0	5
20251030	167895	1860798	2028693	5	21	0	5
20251031	176059	1849019	2025078	5	18	1	5
20251103	567166	1492400	2059566	4	16	0	5
20251104	1313059	740700	2053759	2	16	0	5
20251105	153239	1901600	2054839	5	11	1	5
20251106	513895	1582000	2095895	4	12	0	5
20251107	161042	1896970	2058012	5	11	4	5
20251110	954533	1153800	2108333	3	13	0	5
20251111	197870	1917050	2114920	5	11	1	5
20251112	573061	1595000	2168061	4	11	0	5
20251113	273368	1899500	2172868	5	10	0	5
20251114	273368	1875750	2149118	5	14	2	5
20251117	273368	1876500	2149868	5	14	3	5
20251118	273368	1817650	2091018	5	13	3	5
20251119	180993	1920100	2101093	5	13	0	5
20251120	562707	1543550	2106257	4	10	0	5
20251121	948126	1145450	2093576	3	8	0	5
20251124	1719764	374500	2094264	1	8	0	5
20251125	1330956	758000	2088956	2	4	0	5
20251126	1330956	766550	2097506	2	4	0	5
20251127	1330956	763650	2094606	2	4	0	5
20251128	1322830	774300	2097130	2	5	0	5
20251201	935263	1172700	2107963	3	7	0	5
20251202	935263	1190100	2125363	3	6	0	5
20251203	560595	1561830	2122425	4	11	0	5
20251204	237347	1882720	2120067	5	10	0	5
20251205	237347	1886950	2124297	5	14	3	5
20251208	237347	1882800	2120147	5	17	6	5
20251209	223579	1898740	2122319	5	21	6	5
20251210	226686	1867580	2094266	5	23	7	5
20251211	226686	1865370	2092056	5	25	5	5
20251212	243593	1864800	2108393	5	20	0	5
20251215	962011	1103100	2065111	3	19	0	5
20251216	197496	1855500	2052996	5	21	0	5
20251217	195135	1835450	2030585	5	15	0	5
20251218	225641	1754600	1980241	5	14	1	5
20251219	225641	1771000	1996641	5	10	3	5
20251222	163834	1844720	2008554	5	8	0	5
20251223	118511	1882560	2001071	5	11	1	5
20251224	117762	1886750	2004512	5	14	3	5
20251226	76445	1907650	1984095	5	14	1	5
20251229	76445	1907660	1984105	5	13	2	5
20251230	58450	1905880	1964330	5	14	1	5
20260102	58450	1889820	1948270	5	14	1	5
20260105	50521	1904500	1955021	5	13	0	5
20260106	805893	1172700	1978593	3	14	0	5
20260107	799896	1150600	1950496	3	11	0	5
20260108	414085	1504700	1918785	4	12	0	5
20260109	414085	1494700	1908785	4	14	0	5
20260112	1199402	740200	1939602	2	18	0	5
20260113	481494	1470200	1951694	4	17	0	5
20260114	1271995	700400	1972395	2	16	0	5
20260115	1615196	372000	1987196	1	15	0	5
20260116	835279	1153000	1988279	3	15	0	5
20260119	125772	1864700	1990472	5	20	1	5
20260120	155748	1872100	2027848	5	20	0	5
20260121	155748	1854600	2010348	5	21	4	5
20260122	201471	1834100	2035571	5	21	0	5
20260123	216676	1841600	2058276	5	20	1	5
20260126	244315	1806550	2050865	5	20	0	5
20260127	244315	1860050	2104365	5	18	1	5
20260128	952032	1163600	2115632	3	19	0	5
20260129	615715	1525600	2141315	4	18	0	5
20260130	222106	1916750	2138856	5	17	2	5
20260202	222106	1875800	2097906	5	17	3	5
20260203	222106	1948500	2170606	5	14	1	5
20260204	1058514	1163920	2222434	3	12	0	5
20260205	1082548	1134100	2216648	3	12	0	5
20260206	351118	1864750	2215868	5	11	0	5
20260209	2259755	0	2259755	0	11	0	5
20260210	1890500	371600	2262100	1	11	0	5
20260211	2277666	0	2277666	0	8	0	5
20260212	1514651	769100	2283751	2	9	0	5
20260213	1514651	768900	2283551	2	12	0	5
20260219	1917882	383200	2301082	1	10	0	5
20260220	1154368	1154400	2308768	3	14	0	5
20260223	1971008	357500	2328508	1	15	0	5
20260224	1202293	1127300	2329593	3	16	0	5
20260225	1591454	757100	2348554	2	15	0	5
20260226	1261511	1129900	2391411	3	16	0	5
20260227	838252	1525520	2363772	4	18	0	5
20260303	536696	1821930	2358626	5	12	0	5
20260304	1887640	365200	2252840	1	6	0	5
20260305	1887640	387200	2274840	1	1	0	5
20260306	1887640	376000	2263640	1	1	0	5
20260309	2239682	0	2239682	0	1	0	5
20260310	2239682	0	2239682	0	0	0	5
20260311	2239682	0	2239682	0	0	0	5
20260312	2239682	0	2239682	0	0	0	5
20260313	2239682	0	2239682	0	0	0	5
20260316	2239682	0	2239682	0	0	0	5
20260317	2239682	0	2239682	0	0	0	5
20260318	2239682	0	2239682	0	0	0	5
20260319	2239682	0	2239682	0	0	0	5
20260320	2239682	0	2239682	0	0	0	5
20260323	2239682	0	2239682	0	0	0	5
20260324	2239682	0	2239682	0	0	0	5
20260325	2239682	0	2239682	0	0	0	5
20260326	2239682	0	2239682	0	0	0	5
20260327	2239682	0	2239682	0	0	0	5
20260330	2239682	0	2239682	0	0	0	5
20260331	1112713	1127600	2240313	3	4	0	5
20260401	1504668	760900	2265568	2	4	0	5
20260402	1109409	1119800	2229209	3	4	0	5
20260403	1490189	761500	2251689	2	4	0	5
20260406	2253444	0	2253444	0	2	0	5
20260407	1896391	354600	2250991	1	1	0	5
20260408	2262801	0	2262801	0	2	0	5
20260409	2262801	0	2262801	0	1	0	5
20260410	2262801	0	2262801	0	0	0	5
20260413	1889545	378000	2267545	1	1	0	5
20260414	1889545	385200	2274745	1	3	0	5
20260415	1889545	386400	2275945	1	7	0	5
20260416	1889545	381600	2271145	1	6	0	5
20260417	1532492	742900	2275392	2	7	0	5
20260420	1891219	376800	2268019	1	6	0	5
20260421	1491959	775400	2267359	2	7	0	5
20260422	755988	1503990	2259978	4	10	0	5
20260423	726920	1541070	2267990	4	18	0	5
20260424	1480197	786100	2266297	2	14	0	5
20260427	1480197	786550	2266747	2	13	0	5
20260428	1480197	785150	2265347	2	13	0	5
20260429	1904803	372500	2277303	1	17	0	5
20260430	1505143	759600	2264743	2	15	0	5
20260504	1505143	762000	2267143	2	17	0	5
20260506	1517735	747500	2265235	2	16	0	5
20260507	1578802	715800	2294602	2	10	0	5
20260508	1514286	763000	2277286	2	9	0	5
20260511	1183310	1099250	2282560	3	8	0	5
20260512	1889289	372750	2262039	1	7	0	5
20260513	1889289	386250	2275539	1	3	0	5
20260514	2296412	0	2296412	0	3	0	5
20260515	1899603	390750	2290353	1	2	0	5
20260518	1506344	785250	2291594	2	3	0	5
20260519	1506344	777800	2284144	2	3	0	5
20260520	1506344	764400	2270744	2	3	0	5
20260521	1898499	411200	2309699	1	3	0	5
20260522	2327973	0	2327973	0	1	0	5
20260526	2327973	0	2327973	0	0	0	5
20260527	2327973	0	2327973	0	0	0	5
20260528	2327973	0	2327973	0	1	0	5
20260529	2327973	0	2327973	0	1	0	5
20260601	2327973	0	2327973	0	1	0	5
20260602	2327973	0	2327973	0	1	0	5
20260604	2327973	0	2327973	0	1	0	5
20260605	2327973	0	2327973	0	1	0	5
20260608	2327973	0	2327973	0	1	0	5
20260609	2327973	0	2327973	0	0	0	5
20260610	2327973	0	2327973	0	0	0	5
20260611	2327973	0	2327973	0	0	0	5
20260612	2327973	0	2327973	0	0	0	5
20260615	2327973	0	2327973	0	1	0	5
20260616	2327973	0	2327973	0	1	0	5
20260617	2327973	0	2327973	0	1	0	5
20260618	2327973	0	2327973	0	1	0	5
20260619	2327973	0	2327973	0	0	0	5
20260622	2327973	0	2327973	0	0	0	5
20260623	2327973	0	2327973	0	0	0	5
20260624	2327973	0	2327973	0	0	0	5
20260625	2327973	0	2327973	0	0	0	5
20260626	2327973	0	2327973	0	0	0	5
20260629	2327973	0	2327973	0	0	0	5
20260630	2327973	0	2327973	0	0	0	5
20260701	2327973	0	2327973	0	0	0	5
20260702	2327973	0	2327973	0	0	0	5
20260703	2327973	0	2327973	0	0	0	5
20260706	2327973	0	2327973	0	0	0	5
20260707	2327973	0	2327973	0	0	0	5
20260708	2327973	0	2327973	0	0	0	5
20260709	2327973	0	2327973	0	0	0	5
20260710	2327973	0	2327973	0	0	0	5
20260713	2327973	0	2327973	0	0	0	5
20260714	2327973	0	2327973	0	0	0	5
20260715	2327973	0	2327973	0	0	0	5
20260716	2327973	0	2327973	0	0	0	5
20260720	2327973	0	2327973	0	0	0	5
20260721	2327973	0	2327973	0	0	0	5
20260722	2327973	0	2327973	0	0	0	5
20260723	2327973	0	2327973	0	0	0	5
20260724	2327973	0	2327973	0	0	0	5
20260727	2327973	0	2327973	0	0	0	5
20260728	2327973	0	2327973	0	0	0	5
20260729	2327973	0	2327973	0	0	0	5
20260730	2327973	0	2327973	0	0	0	5
20260731	2327973	0	2327973	0	0	0	5
20260803	2327973	0	2327973	0	1	0	5
20260804	2327973	0	2327973	0	1	0	5
20260805	2327973	0	2327973	0	1	0	5
20260806	2327973	0	2327973	0	1	0	5
20260807	2327973	0	2327973	0	1	0	5
20260810	2327973	0	2327973	0	1	0	5
20260811	2327973	0	2327973	0	2	0	5
20260812	1940915	384300	2325215	1	3	0	5
20260813	1940915	378900	2319815	1	1	0	5
20260814	1940915	382500	2323415	1	2	0	5
20260818	2346841	0	2346841	0	3	0	5
20260819	1957982	390600	2348582	1	2	0	5
20260820	1957982	381600	2339582	1	2	0	5
20260821	1957982	388800	2346782	1	1	0	5
20260824	2365704	0	2365704	0	1	0	5
20260825	2365704	0	2365704	0	2	0	5
20260826	1976845	384300	2361145	1	3	0	5
20260827	1641995	716900	2358895	2	4	0	5
20260828	1641995	730200	2372195	2	5	0	5
20260831	1641995	720900	2362895	2	5	0	5
20260901	1649592	722000	2371592	2	6	0	5
20260902	1299940	1065200	2365140	3	7	0	5
20260903	1626037	738400	2364437	2	8	0	5
20260904	1626037	744000	2370037	2	8	0	5
20260907	1994747	376200	2370947	1	10	0	5
20260908	1606769	761430	2368199	2	8	0	5
20260909	1223123	1131400	2354523	3	9	0	5
20260910	1214121	1139250	2353371	3	8	0	5
20260911	1956222	376350	2332572	1	5	0	5
20260914	1964097	388050	2352147	1	5	0	5
20260915	1964097	381550	2345647	1	4	0	5
20260916	2337692	0	2337692	0	4	0	5
20260917	2337692	0	2337692	0	5	0	5
20260918	1943283	397100	2339529	1	6	0	5
20250919	410202	1597810	2008012	5	28	0	6
20250922	1069032	937880	2006912	3	25	0	6
20250923	726536	1284250	2010786	4	25	0	6
20250924	438093	1578100	2016193	5	22	0	6
20250925	760948	1246100	2007048	4	20	0	6
20250926	1043332	930600	1973932	3	13	0	6
20250929	1670381	319200	1989581	1	10	0	6
20250930	1065040	929400	1994440	3	11	0	6
20251001	461020	1528980	1990000	5	10	0	6
20251002	1064819	932550	1997369	3	10	0	6
20251010	1391864	603210	1995074	2	11	0	6
20251013	1059564	928880	1988444	3	11	0	6
20251014	734755	1224040	1958795	4	12	0	6
20251015	1048030	940920	1988950	3	11	0	6
20251016	755486	1252040	2007526	4	15	0	6
20251017	755486	1257660	2013146	4	16	0	6
20251020	1112549	905500	2018049	3	16	0	6
20251021	1742407	295600	2038007	1	16	0	6
20251022	1146218	902800	2049018	3	17	0	6
20251023	1125008	921600	2046608	3	22	0	6
20251024	803209	1254700	2057909	4	21	0	6
20251027	1121324	941600	2062924	3	19	0	6
20251028	1109583	932400	2041983	3	19	0	6
20251029	528306	1505650	2033956	5	21	0	6
20251030	531466	1491176	2022642	5	21	0	6
20251031	511198	1508593	2019791	5	18	0	6
20251103	842135	1206300	2048435	4	16	0	6
20251104	1438849	604800	2043649	2	16	0	6
20251105	206038	1840500	2046538	6	11	0	6
20251106	838502	1242500	2081002	4	12	0	6
20251107	276400	1786480	2062880	6	11	2	6
20251110	1231043	885000	2116043	3	13	0	6
20251111	267237	1851850	2119087	6	11	0	6
20251112	883160	1292600	2175760	4	11	0	6
20251113	678970	1500800	2179770	5	10	0	6
20251114	353721	1804100	2157821	6	14	1	6
20251117	353721	1804200	2157921	6	14	2	6
20251118	353721	1747700	2101421	6	13	2	6
20251119	575402	1533800	2109202	5	13	0	6
20251120	840791	1272200	2112991	4	10	0	6
20251121	1149126	954000	2103126	3	8	0	6
20251124	1782561	321000	2103561	1	8	0	6
20251125	1455962	643200	2099162	2	4	0	6
20251126	1455962	650490	2106452	2	4	0	6
20251127	1455962	648030	2103992	2	4	0	6
20251128	1464639	641400	2106039	2	5	0	6
20251201	1138264	976600	2114864	3	7	0	6
20251202	1138264	991000	2129264	3	6	0	6
20251203	806932	1319360	2126292	4	11	0	6
20251204	483684	1640840	2124524	5	10	0	6
20251205	163636	1965600	2129236	6	14	2	6
20251208	163636	1953000	2116636	6	17	5	6
20251209	205500	1910880	2116380	6	21	5	6
20251210	207985	1879760	2087745	6	23	6	6
20251211	178541	1904740	2083281	6	26	4	6
20251212	517200	1582400	2099600	5	21	0	6
20251215	1092881	971200	2064081	3	19	0	6
20251216	495391	1560600	2055991	5	21	0	6
20251217	453339	1583800	2037139	5	15	0	6
20251218	80004	1912040	1992044	6	14	0	6
20251219	80004	1928340	2008344	6	10	2	6
20251222	408467	1611400	2019867	5	9	0	6
20251223	70185	1941450	2011635	6	11	0	6
20251224	75416	1939100	2014516	6	14	2	6
20251226	87994	1907400	1995394	6	14	0	6
20251229	87994	1907350	1995344	6	13	1	6
20251230	121077	1851150	1972227	6	14	0	6
20260102	121077	1830050	1951127	6	14	0	6
20260105	151804	1802850	1954654	6	14	0	6
20260106	1047973	926750	1974723	3	15	0	6
20260107	1037617	914500	1952117	3	11	0	6
20260108	676623	1249500	1926123	4	12	0	6
20260109	676623	1241050	1917673	4	14	0	6
20260112	1339984	603800	1943784	2	18	0	6
20260113	769899	1183500	1953399	4	17	0	6
20260114	1444399	525300	1969699	2	16	0	6
20260115	1670694	310000	1980694	1	15	0	6
20260116	1066004	915500	1981504	3	15	0	6
20260119	191673	1793900	1985573	6	20	0	6
20260120	131742	1888800	2020542	6	20	0	6
20260121	131742	1868100	1999842	6	21	3	6
20260122	448774	1585400	2034174	5	21	0	6
20260123	463979	1591600	2055579	5	20	1	6
20260126	509907	1538750	2048657	5	20	0	6
20260127	189059	1907750	2096809	6	18	0	6
20260128	1132319	971050	2103369	3	20	0	6
20260129	865988	1257400	2123388	4	18	0	6
20260130	271499	1855000	2126499	6	17	1	6
20260202	271499	1809900	2081399	6	17	2	6
20260203	271499	1879700	2151199	6	14	0	6
20260204	1246905	948300	2195205	3	12	0	6
20260205	1550423	645100	2195523	2	12	0	6
20260206	656899	1550810	2207709	5	10	0	6
20260209	2244159	0	2244159	0	11	0	6
20260210	1967218	278700	2245918	1	11	0	6
20260211	2257592	0	2257592	0	8	0	6
20260212	1653452	608850	2262302	2	9	0	6
20260213	1653452	608850	2262302	2	12	0	6
20260219	1989478	287400	2276878	1	10	0	6
20260220	1373685	908850	2282535	3	14	0	6
20260223	2012259	286000	2298259	1	15	0	6
20260224	1404768	894400	2299168	3	16	0	6
20260225	1729069	585700	2314769	2	15	0	6
20260226	1418902	929200	2348102	3	16	0	6
20260227	1056264	1268510	2324774	4	18	0	6
20260303	811986	1508990	2320976	5	12	0	6
20260304	1960966	273900	2234866	1	6	0	6
20260305	1960966	290400	2251366	1	1	0	6
20260306	1960966	282000	2242966	1	1	0	6
20260309	2224997	0	2224997	0	1	0	6
20260310	2224997	0	2224997	0	0	0	6
20260311	2224997	0	2224997	0	0	0	6
20260312	2224997	0	2224997	0	0	0	6
20260313	2224997	0	2224997	0	0	0	6
20260316	2224997	0	2224997	0	0	0	6
20260317	2224997	0	2224997	0	0	0	6
20260318	2224997	0	2224997	0	0	0	6
20260319	2224997	0	2224997	0	0	0	6
20260320	2224997	0	2224997	0	0	0	6
20260323	2224997	0	2224997	0	0	0	6
20260324	2224997	0	2224997	0	0	0	6
20260325	2224997	0	2224997	0	0	0	6
20260326	2224997	0	2224997	0	0	0	6
20260327	2224997	0	2224997	0	0	0	6
20260330	2224997	0	2224997	0	0	0	6
20260331	1306710	918950	2225660	3	4	0	6
20260401	1625174	621000	2246174	2	4	0	6
20260402	1304025	912400	2216425	3	4	0	6
20260403	1613409	621100	2234509	2	4	0	6
20260406	2235967	0	2235967	0	2	0	6
20260407	1938423	295500	2233923	1	1	0	6
20260408	2243765	0	2243765	0	2	0	6
20260409	2243765	0	2243765	0	1	0	6
20260410	2243765	0	2243765	0	0	0	6
20260413	1932718	315000	2247718	1	1	0	6
20260414	1932718	321000	2253718	1	3	0	6
20260415	1932718	322000	2254718	1	7	0	6
20260416	1932718	318000	2250718	1	6	0	6
20260417	1647075	607100	2254175	2	7	0	6
20260420	1934057	314000	2248057	1	6	0	6
20260421	1634612	612900	2247512	2	7	0	6
20260422	1035742	1205870	2241612	4	10	0	6
20260423	1005537	1242310	2247847	4	18	0	6
20260424	1630490	615900	2246390	2	14	0	6
20260427	1630490	616350	2246840	2	13	0	6
20260428	1630490	615150	2245640	2	13	0	6
20260429	1957273	298000	2255273	1	17	0	6
20260430	1657528	587700	2245228	2	15	0	6
20260504	1657528	590000	2247528	2	17	0	6
20260506	1647844	598000	2245844	2	16	0	6
20260507	1632110	637200	2269310	2	10	0	6
20260508	1641805	610400	2252205	2	9	0	6
20260511	1377025	879400	2256425	3	8	0	6
20260512	1941808	298200	2240008	1	7	0	6
20260513	1941808	309000	2250808	1	3	0	6
20260514	2267507	0	2267507	0	3	0	6
20260515	1950059	312600	2262659	1	2	0	6
20260518	1655115	608100	2263215	2	3	0	6
20260519	1655115	602700	2257815	2	3	0	6
20260520	1655115	591900	2247015	2	3	0	6
20260521	1968839	308400	2277239	1	3	0	6
20260522	2290945	0	2290945	0	1	0	6
20260526	2290945	0	2290945	0	0	0	6
20260527	2290945	0	2290945	0	0	0	6
20260528	2290945	0	2290945	0	1	0	6
20260529	2290945	0	2290945	0	1	0	6
20260601	2290945	0	2290945	0	1	0	6
20260602	2290945	0	2290945	0	1	0	6
20260604	2290945	0	2290945	0	1	0	6
20260605	2290945	0	2290945	0	1	0	6
20260608	2290945	0	2290945	0	1	0	6
20260609	2290945	0	2290945	0	0	0	6
20260610	2290945	0	2290945	0	0	0	6
20260611	2290945	0	2290945	0	0	0	6
20260612	2290945	0	2290945	0	0	0	6
20260615	2290945	0	2290945	0	1	0	6
20260616	2290945	0	2290945	0	1	0	6
20260617	2290945	0	2290945	0	1	0	6
20260618	2290945	0	2290945	0	1	0	6
20260619	2290945	0	2290945	0	0	0	6
20260622	2290945	0	2290945	0	0	0	6
20260623	2290945	0	2290945	0	0	0	6
20260624	2290945	0	2290945	0	0	0	6
20260625	2290945	0	2290945	0	0	0	6
20260626	2290945	0	2290945	0	0	0	6
20260629	2290945	0	2290945	0	0	0	6
20260630	2290945	0	2290945	0	0	0	6
20260701	2290945	0	2290945	0	0	0	6
20260702	2290945	0	2290945	0	0	0	6
20260703	2290945	0	2290945	0	0	0	6
20260706	2290945	0	2290945	0	0	0	6
20260707	2290945	0	2290945	0	0	0	6
20260708	2290945	0	2290945	0	0	0	6
20260709	2290945	0	2290945	0	0	0	6
20260710	2290945	0	2290945	0	0	0	6
20260713	2290945	0	2290945	0	0	0	6
20260714	2290945	0	2290945	0	0	0	6
20260715	2290945	0	2290945	0	0	0	6
20260716	2290945	0	2290945	0	0	0	6
20260720	2290945	0	2290945	0	0	0	6
20260721	2290945	0	2290945	0	0	0	6
20260722	2290945	0	2290945	0	0	0	6
20260723	2290945	0	2290945	0	0	0	6
20260724	2290945	0	2290945	0	0	0	6
20260727	2290945	0	2290945	0	0	0	6
20260728	2290945	0	2290945	0	0	0	6
20260729	2290945	0	2290945	0	0	0	6
20260730	2290945	0	2290945	0	0	0	6
20260731	2290945	0	2290945	0	0	0	6
20260803	2290945	0	2290945	0	1	0	6
20260804	2290945	0	2290945	0	1	0	6
20260805	2290945	0	2290945	0	1	0	6
20260806	2290945	0	2290945	0	1	0	6
20260807	2290945	0	2290945	0	1	0	6
20260810	2290945	0	2290945	0	1	0	6
20260811	2290945	0	2290945	0	2	0	6
20260812	1968396	320250	2288646	1	3	0	6
20260813	1968396	315750	2284146	1	1	0	6
20260814	1968396	318750	2287146	1	2	0	6
20260818	2306668	0	2306668	0	3	0	6
20260819	1982619	325500	2308119	1	2	0	6
20260820	1982619	318000	2300619	1	2	0	6
20260821	1982619	324000	2306619	1	1	0	6
20260824	2322387	0	2322387	0	1	0	6
20260825	2322387	0	2322387	0	2	0	6
20260826	1998338	320250	2318588	1	3	0	6
20260827	1747201	569850	2317051	2	4	0	6
20260828	1747201	580200	2327401	2	5	0	6
20260831	1747201	572850	2320051	2	5	0	6
20260901	1785603	541500	2327103	2	6	0	6
20260902	1523363	798900	2322263	3	7	0	6
20260903	1767936	553800	2321736	2	8	0	6
20260904	1767936	558000	2325936	2	8	0	6
20260907	2019453	307800	2327253	1	10	0	6
20260908	1691163	633810	2324973	2	8	0	6
20260909	1400268	913500	2313768	3	9	0	6
20260910	1382319	931050	2313369	3	8	0	6
20260911	1977736	318450	2296186	1	5	0	6
20260914	1984180	328350	2312530	1	5	0	6
20260915	1984180	322850	2307030	1	4	0	6
20260916	2300299	0	2300299	0	4	0	6
20260917	2300299	0	2300299	0	5	0	6
20260918	1977600	324900	2301802	1	6	0	6
